case_id,timestamp,activity,usuario,recurso
case_115,2026-03-02 15:02:58,LogonSuccess,usuario_21,C:\temp
case_115,2026-03-02 15:03:26,ProcessCreate,usuario_21,cdn.contoso.com
case_115,2026-03-02 15:04:27,ImageLoad,usuario_21,\Windows\System32
case_115,2026-03-02 15:04:50,NetworkConnect,usuario_21,C:\temp
case_115,2026-03-02 15:05:55,ProcessExit,usuario_21,\Users\Documents
case_115,2026-03-02 15:11:48,ProcessCreate,usuario_21,-
case_115,2026-03-02 15:14:33,ProcessCreate,usuario_21,8.8.8.8
case_115,2026-03-02 15:20:48,ProcessCreate,usuario_21,D:\backup
case_115,2026-03-02 15:25:11,ImageLoad,usuario_21,\Users\Documents
case_115,2026-03-02 15:26:35,ServiceQuery,usuario_21,HKLM\Software
case_115,2026-03-02 15:28:08,FileModify,usuario_21,\Device\Pipe
case_115,2026-03-02 15:30:46,FileModify,usuario_21,update.microsoft.com
case_115,2026-03-02 15:34:56,PowerShellExec,usuario_21,8.8.8.8
case_115,2026-03-02 15:37:18,FileRead,usuario_21,C:\temp
case_115,2026-03-02 15:42:50,FileModify,usuario_21,\Users\Documents
case_115,2026-03-02 15:43:29,FileModify,usuario_21,-
case_115,2026-03-02 15:45:21,RegistryModify,usuario_21,\Users\Documents
case_115,2026-03-02 15:49:56,FileRead,usuario_21,-
case_115,2026-03-02 15:51:01,PowerShellExec,usuario_21,\Device\Pipe
case_115,2026-03-02 15:53:55,ServiceQuery,usuario_21,\\fileserver\financeiro
case_115,2026-03-02 15:57:49,ClipboardCapture,usuario_21,\Windows\System32
case_115,2026-03-02 16:02:54,LogonOff,usuario_21,HKLM\Software
case_056,2026-03-06 15:49:50,LogonSuccess,usuario_12,\Users\Documents
case_056,2026-03-06 15:52:53,ProcessExit,usuario_12,\\fileserver\rh
case_056,2026-03-06 15:53:52,ImageLoad,usuario_12,-
case_056,2026-03-06 15:57:22,NetworkConnect,usuario_12,\Users\Public
case_056,2026-03-06 16:01:59,ProcessCreate,usuario_12,\Device\Pipe
case_056,2026-03-06 16:02:45,ImageLoad,usuario_12,C:\temp
case_056,2026-03-06 16:04:59,DnsQuery,usuario_12,D:\backup
case_056,2026-03-06 16:09:43,ProcessExit,usuario_12,\Windows\System32
case_056,2026-03-06 16:13:28,FileCreate,usuario_12,\Users\Public
case_056,2026-03-06 16:17:46,PipeCreate,usuario_12,\\fileserver\rh
case_056,2026-03-06 16:20:45,ProcessCreate,usuario_12,\\fileserver\financeiro
case_056,2026-03-06 16:21:49,ProcessCreate,usuario_12,update.microsoft.com
case_056,2026-03-06 16:26:02,RegistryModify,usuario_12,\Windows\System32
case_056,2026-03-06 16:29:30,NetworkConnect,usuario_12,HKLM\Software
case_056,2026-03-06 16:32:19,PowerShellExec,usuario_12,-
case_056,2026-03-06 16:35:14,RegistryModify,usuario_12,\Users\Documents
case_056,2026-03-06 16:40:52,FileModify,usuario_12,HKLM\Software
case_056,2026-03-06 16:45:09,PipeCreate,usuario_12,\\fileserver\financeiro
case_056,2026-03-06 16:50:31,FileModify,usuario_12,cdn.contoso.com
case_056,2026-03-06 16:52:31,ScheduledTaskQuery,usuario_12,\Users\Documents
case_056,2026-03-06 16:57:30,LogonOff,usuario_12,D:\backup
case_288,2026-03-04 02:55:51,LogonSuccess,usuario_01,\\fileserver\rh
case_288,2026-03-04 02:57:13,DnsQuery,usuario_01,8.8.8.8
case_288,2026-03-04 02:58:35,ProcessCreate,usuario_01,-
case_288,2026-03-04 03:00:08,ProcessCreate,usuario_01,-
case_288,2026-03-04 03:00:48,FileRead,usuario_01,\\fileserver\financeiro
case_288,2026-03-04 03:01:58,FileRead,usuario_01,\\fileserver\financeiro
case_288,2026-03-04 03:03:51,FileRead,usuario_01,\\fileserver\financeiro
case_288,2026-03-04 03:05:39,NetworkConnect,usuario_01,D:\backup
case_288,2026-03-04 03:05:59,FileRead,usuario_01,\\fileserver\financeiro
case_288,2026-03-04 03:07:12,ArchiveCreate,usuario_01,\Users\Documents
case_288,2026-03-04 03:08:42,ExternalUpload,usuario_01,update.microsoft.com
case_288,2026-03-04 03:09:34,LogonOff,usuario_01,update.microsoft.com
case_029,2026-03-04 09:16:02,LogonSuccess,usuario_24,D:\backup
case_029,2026-03-04 09:16:46,DnsQuery,usuario_24,\Device\Pipe
case_029,2026-03-04 09:19:55,ProcessExit,usuario_24,\\fileserver\rh
case_029,2026-03-04 09:21:18,ProcessCreate,usuario_24,D:\backup
case_029,2026-03-04 09:24:46,FileCreate,usuario_24,8.8.8.8
case_029,2026-03-04 09:28:30,PipeCreate,usuario_24,\Users\Documents
case_029,2026-03-04 09:32:35,PowerShellExec,usuario_24,8.8.8.8
case_029,2026-03-04 09:35:48,DnsQuery,usuario_24,C:\temp
case_029,2026-03-04 09:40:22,RegistryModify,usuario_24,\Users\Documents
case_029,2026-03-04 09:44:56,PowerShellExec,usuario_24,\\fileserver\financeiro
case_029,2026-03-04 09:49:41,PipeCreate,usuario_24,\\fileserver\rh
case_029,2026-03-04 09:50:43,FileRead,usuario_24,\Users\Documents
case_029,2026-03-04 09:54:40,LogonOff,usuario_24,\Users\Public
case_222,2026-03-04 10:32:21,LogonSuccess,usuario_26,cdn.contoso.com
case_222,2026-03-04 10:34:45,FileCreate,usuario_26,\\fileserver\rh
case_222,2026-03-04 10:41:15,ImageLoad,usuario_26,\\fileserver\financeiro
case_222,2026-03-04 10:46:42,FileCreate,usuario_26,\\fileserver\financeiro
case_222,2026-03-04 10:51:09,NetworkConnect,usuario_26,\Device\Pipe
case_222,2026-03-04 10:54:54,ImageLoad,usuario_26,\\fileserver\rh
case_222,2026-03-04 10:55:34,DnsQuery,usuario_26,HKLM\Software
case_222,2026-03-04 11:00:13,DnsQuery,usuario_26,\Users\Public
case_222,2026-03-04 11:04:08,FileModify,usuario_26,8.8.8.8
case_222,2026-03-04 11:06:45,FileRead,usuario_26,-
case_222,2026-03-04 11:10:30,ImageLoad,usuario_26,-
case_222,2026-03-04 11:11:04,ImageLoad,usuario_26,C:\temp
case_222,2026-03-04 11:15:46,RegistryModify,usuario_26,C:\temp
case_222,2026-03-04 11:18:39,FileRead,usuario_26,-
case_222,2026-03-04 11:24:56,FileModify,usuario_26,update.microsoft.com
case_222,2026-03-04 11:26:57,PrintJob,usuario_26,-
case_222,2026-03-04 11:28:28,DriverLoad,usuario_26,C:\temp
case_222,2026-03-04 11:34:27,ClipboardCapture,usuario_26,\\fileserver\financeiro
case_222,2026-03-04 11:35:14,LogonOff,usuario_26,\Users\Public
case_238,2026-03-03 10:42:49,LogonSuccess,usuario_09,\\fileserver\financeiro
case_238,2026-03-03 10:45:51,ProcessExit,usuario_09,8.8.8.8
case_238,2026-03-03 10:47:48,ImageLoad,usuario_09,HKLM\Software
case_238,2026-03-03 10:48:54,ProcessCreate,usuario_09,D:\backup
case_238,2026-03-03 10:53:33,ProcessCreate,usuario_09,\\fileserver\financeiro
case_238,2026-03-03 10:57:57,ProcessCreate,usuario_09,\\fileserver\rh
case_238,2026-03-03 11:02:37,DnsQuery,usuario_09,\Users\Public
case_238,2026-03-03 11:06:50,ServiceQuery,usuario_09,\Windows\System32
case_238,2026-03-03 11:07:13,ServiceQuery,usuario_09,8.8.8.8
case_238,2026-03-03 11:11:08,WmiQuery,usuario_09,8.8.8.8
case_238,2026-03-03 11:12:19,ScheduledTaskQuery,usuario_09,\\fileserver\financeiro
case_238,2026-03-03 11:15:43,WmiQuery,usuario_09,\\fileserver\rh
case_238,2026-03-03 11:16:36,LogonOff,usuario_09,8.8.8.8
case_026,2026-03-04 18:12:58,LogonSuccess,usuario_10,\Users\Public
case_026,2026-03-04 18:17:37,NetworkConnect,usuario_10,D:\backup
case_026,2026-03-04 18:22:33,NetworkConnect,usuario_10,\Users\Documents
case_026,2026-03-04 18:27:22,ProcessExit,usuario_10,\Windows\System32
case_026,2026-03-04 18:33:20,NetworkConnect,usuario_10,\\fileserver\financeiro
case_026,2026-03-04 18:38:56,NetworkConnect,usuario_10,C:\temp
case_026,2026-03-04 18:44:21,FileRead,usuario_10,8.8.8.8
case_026,2026-03-04 18:45:59,PowerShellExec,usuario_10,C:\temp
case_026,2026-03-04 18:47:51,FileModify,usuario_10,\Users\Documents
case_026,2026-03-04 18:53:30,PipeCreate,usuario_10,D:\backup
case_026,2026-03-04 18:55:14,NetworkConnect,usuario_10,\Users\Documents
case_026,2026-03-04 18:59:18,RegistryModify,usuario_10,\Windows\System32
case_026,2026-03-04 19:03:08,FileModify,usuario_10,\\fileserver\financeiro
case_026,2026-03-04 19:09:14,PrintJob,usuario_10,\Users\Documents
case_026,2026-03-04 19:11:35,DriverLoad,usuario_10,cdn.contoso.com
case_026,2026-03-04 19:17:07,ScheduledTaskQuery,usuario_10,\\fileserver\rh
case_026,2026-03-04 19:21:16,LogonOff,usuario_10,HKLM\Software
case_275,2026-03-03 10:05:07,LogonSuccess,usuario_04,HKLM\Software
case_275,2026-03-03 10:06:44,ProcessCreate,usuario_04,\Windows\System32
case_275,2026-03-03 10:11:47,ProcessCreate,usuario_04,-
case_275,2026-03-03 10:14:49,ProcessExit,usuario_04,D:\backup
case_275,2026-03-03 10:17:01,FileCreate,usuario_04,C:\temp
case_275,2026-03-03 10:20:37,ProcessExit,usuario_04,HKLM\Software
case_275,2026-03-03 10:25:34,DnsQuery,usuario_04,-
case_275,2026-03-03 10:26:02,ProcessCreate,usuario_04,C:\temp
case_275,2026-03-03 10:27:08,ProcessCreate,usuario_04,-
case_275,2026-03-03 10:33:47,RegistryModify,usuario_04,-
case_275,2026-03-03 10:36:25,PipeCreate,usuario_04,D:\backup
case_275,2026-03-03 10:40:53,ScreenCapture,usuario_04,\Users\Public
case_275,2026-03-03 10:42:01,LogonOff,usuario_04,HKLM\Software
case_263,2026-03-05 10:17:50,LogonSuccess,usuario_15,C:\temp
case_263,2026-03-05 10:21:58,ImageLoad,usuario_15,\Device\Pipe
case_263,2026-03-05 10:25:33,ProcessExit,usuario_15,update.microsoft.com
case_263,2026-03-05 10:27:13,ImageLoad,usuario_15,-
case_263,2026-03-05 10:31:20,NetworkConnect,usuario_15,D:\backup
case_263,2026-03-05 10:34:20,NetworkConnect,usuario_15,\Users\Public
case_263,2026-03-05 10:37:00,FileCreate,usuario_15,cdn.contoso.com
case_263,2026-03-05 10:39:41,ImageLoad,usuario_15,HKLM\Software
case_263,2026-03-05 10:46:02,FileCreate,usuario_15,-
case_263,2026-03-05 10:50:14,ProcessCreate,usuario_15,\\fileserver\rh
case_263,2026-03-05 10:51:57,FileModify,usuario_15,-
case_263,2026-03-05 10:53:22,FileRead,usuario_15,\\fileserver\financeiro
case_263,2026-03-05 10:53:50,ProcessExit,usuario_15,\Users\Public
case_263,2026-03-05 10:54:36,ServiceQuery,usuario_15,\\fileserver\financeiro
case_263,2026-03-05 10:59:38,PowerShellExec,usuario_15,cdn.contoso.com
case_263,2026-03-05 11:03:06,PowerShellExec,usuario_15,C:\temp
case_263,2026-03-05 11:06:07,FileRead,usuario_15,\Users\Documents
case_263,2026-03-05 11:09:39,RemoteThread,usuario_15,update.microsoft.com
case_263,2026-03-05 11:10:12,WmiQuery,usuario_15,\Device\Pipe
case_263,2026-03-05 11:14:14,LogonOff,usuario_15,\Device\Pipe
case_229,2026-03-06 10:49:08,LogonSuccess,usuario_01,D:\backup
case_229,2026-03-06 10:50:58,NetworkConnect,usuario_01,cdn.contoso.com
case_229,2026-03-06 10:55:34,ProcessCreate,usuario_01,\Device\Pipe
case_229,2026-03-06 10:56:50,DnsQuery,usuario_01,D:\backup
case_229,2026-03-06 11:02:19,FileModify,usuario_01,\\fileserver\financeiro
case_229,2026-03-06 11:04:00,NetworkConnect,usuario_01,HKLM\Software
case_229,2026-03-06 11:08:16,RegistryModify,usuario_01,\Users\Documents
case_229,2026-03-06 11:09:11,ImageLoad,usuario_01,\Windows\System32
case_229,2026-03-06 11:09:47,FileRead,usuario_01,\Device\Pipe
case_229,2026-03-06 11:15:53,RegistryModify,usuario_01,8.8.8.8
case_229,2026-03-06 11:20:39,FileModify,usuario_01,cdn.contoso.com
case_229,2026-03-06 11:24:16,FileRead,usuario_01,\Users\Public
case_229,2026-03-06 11:28:09,FileModify,usuario_01,\\fileserver\rh
case_229,2026-03-06 11:34:35,ScheduledTaskQuery,usuario_01,update.microsoft.com
case_229,2026-03-06 11:35:56,WmiQuery,usuario_01,\Users\Documents
case_229,2026-03-06 11:41:26,ScreenCapture,usuario_01,\Device\Pipe
case_229,2026-03-06 11:46:19,LogonOff,usuario_01,\Users\Documents
case_272,2026-03-02 13:20:03,LogonSuccess,usuario_13,\\fileserver\financeiro
case_272,2026-03-02 13:22:18,ProcessCreate,usuario_13,\\fileserver\rh
case_272,2026-03-02 13:26:06,FileCreate,usuario_13,\Windows\System32
case_272,2026-03-02 13:30:07,ProcessExit,usuario_13,\Windows\System32
case_272,2026-03-02 13:33:11,DnsQuery,usuario_13,D:\backup
case_272,2026-03-02 13:36:53,ProcessExit,usuario_13,\Windows\System32
case_272,2026-03-02 13:38:51,ProcessCreate,usuario_13,\Device\Pipe
case_272,2026-03-02 13:45:22,ServiceQuery,usuario_13,\\fileserver\financeiro
case_272,2026-03-02 13:49:02,ProcessExit,usuario_13,cdn.contoso.com
case_272,2026-03-02 13:54:32,PipeCreate,usuario_13,HKLM\Software
case_272,2026-03-02 13:55:57,PowerShellExec,usuario_13,cdn.contoso.com
case_272,2026-03-02 14:01:31,FileRead,usuario_13,D:\backup
case_272,2026-03-02 14:06:11,FileModify,usuario_13,8.8.8.8
case_272,2026-03-02 14:12:01,ScheduledTaskQuery,usuario_13,D:\backup
case_272,2026-03-02 14:17:46,PrintJob,usuario_13,C:\temp
case_272,2026-03-02 14:20:09,LogonOff,usuario_13,-
case_231,2026-03-05 17:33:57,LogonSuccess,usuario_13,-
case_231,2026-03-05 17:40:30,NetworkConnect,usuario_13,D:\backup
case_231,2026-03-05 17:41:51,FileCreate,usuario_13,\Device\Pipe
case_231,2026-03-05 17:43:51,FileCreate,usuario_13,\\fileserver\financeiro
case_231,2026-03-05 17:48:26,FileRead,usuario_13,cdn.contoso.com
case_231,2026-03-05 17:53:37,FileRead,usuario_13,\Device\Pipe
case_231,2026-03-05 17:54:03,FileModify,usuario_13,\Users\Documents
case_231,2026-03-05 17:58:51,PrintJob,usuario_13,HKLM\Software
case_231,2026-03-05 18:05:30,DriverLoad,usuario_13,HKLM\Software
case_231,2026-03-05 18:08:56,LogonOff,usuario_13,\Device\Pipe
case_066,2026-03-06 12:58:22,LogonSuccess,usuario_19,cdn.contoso.com
case_066,2026-03-06 12:59:49,ProcessCreate,usuario_19,\Device\Pipe
case_066,2026-03-06 13:01:37,ImageLoad,usuario_19,-
case_066,2026-03-06 13:02:01,ProcessCreate,usuario_19,HKLM\Software
case_066,2026-03-06 13:04:30,ProcessCreate,usuario_19,-
case_066,2026-03-06 13:07:26,ServiceQuery,usuario_19,\Users\Documents
case_066,2026-03-06 13:13:49,PowerShellExec,usuario_19,\Device\Pipe
case_066,2026-03-06 13:16:29,ServiceQuery,usuario_19,8.8.8.8
case_066,2026-03-06 13:20:01,PipeCreate,usuario_19,\\fileserver\financeiro
case_066,2026-03-06 13:24:16,LogonOff,usuario_19,\\fileserver\rh
case_108,2026-03-02 10:42:52,LogonSuccess,usuario_02,\\fileserver\financeiro
case_108,2026-03-02 10:43:57,FileCreate,usuario_02,-
case_108,2026-03-02 10:44:21,ProcessCreate,usuario_02,-
case_108,2026-03-02 10:49:02,ProcessExit,usuario_02,8.8.8.8
case_108,2026-03-02 10:50:27,ProcessExit,usuario_02,\\fileserver\rh
case_108,2026-03-02 10:51:18,NetworkConnect,usuario_02,\\fileserver\financeiro
case_108,2026-03-02 10:56:19,FileRead,usuario_02,\Windows\System32
case_108,2026-03-02 10:56:39,ClipboardCapture,usuario_02,\Users\Documents
case_108,2026-03-02 11:01:45,ScheduledTaskQuery,usuario_02,\\fileserver\financeiro
case_108,2026-03-02 11:03:01,LogonOff,usuario_02,\\fileserver\rh
case_196,2026-03-05 10:00:38,LogonSuccess,usuario_07,D:\backup
case_196,2026-03-05 10:02:42,FileCreate,usuario_07,\\fileserver\financeiro
case_196,2026-03-05 10:08:28,FileCreate,usuario_07,\\fileserver\rh
case_196,2026-03-05 10:14:49,ImageLoad,usuario_07,-
case_196,2026-03-05 10:17:36,DnsQuery,usuario_07,\Users\Documents
case_196,2026-03-05 10:17:57,ImageLoad,usuario_07,\Users\Public
case_196,2026-03-05 10:19:51,ProcessCreate,usuario_07,update.microsoft.com
case_196,2026-03-05 10:26:09,ProcessCreate,usuario_07,-
case_196,2026-03-05 10:30:33,FileRead,usuario_07,\Users\Documents
case_196,2026-03-05 10:33:29,FileRead,usuario_07,\Users\Documents
case_196,2026-03-05 10:35:51,WmiQuery,usuario_07,C:\temp
case_196,2026-03-05 10:38:52,LogonOff,usuario_07,\Device\Pipe
case_214,2026-03-02 12:15:28,LogonSuccess,usuario_11,C:\temp
case_214,2026-03-02 12:18:59,ProcessExit,usuario_11,\\fileserver\financeiro
case_214,2026-03-02 12:22:50,FileCreate,usuario_11,HKLM\Software
case_214,2026-03-02 12:27:53,ProcessCreate,usuario_11,\Users\Documents
case_214,2026-03-02 12:30:20,ProcessExit,usuario_11,\Windows\System32
case_214,2026-03-02 12:30:58,NetworkConnect,usuario_11,\Windows\System32
case_214,2026-03-02 12:35:47,ImageLoad,usuario_11,\Users\Public
case_214,2026-03-02 12:40:23,FileModify,usuario_11,8.8.8.8
case_214,2026-03-02 12:44:51,FileCreate,usuario_11,\Windows\System32
case_214,2026-03-02 12:46:31,DriverLoad,usuario_11,\\fileserver\rh
case_214,2026-03-02 12:49:25,PipeCreate,usuario_11,\Windows\System32
case_214,2026-03-02 12:51:42,ScheduledTaskQuery,usuario_11,\Device\Pipe
case_214,2026-03-02 12:57:54,WmiQuery,usuario_11,HKLM\Software
case_214,2026-03-02 12:58:31,LogonOff,usuario_11,\\fileserver\rh
case_044,2026-03-03 12:07:43,LogonSuccess,usuario_23,8.8.8.8
case_044,2026-03-03 12:13:49,ProcessCreate,usuario_23,update.microsoft.com
case_044,2026-03-03 12:16:58,ProcessCreate,usuario_23,8.8.8.8
case_044,2026-03-03 12:23:36,FileCreate,usuario_23,C:\temp
case_044,2026-03-03 12:29:48,ProcessCreate,usuario_23,\Users\Documents
case_044,2026-03-03 12:30:48,ImageLoad,usuario_23,update.microsoft.com
case_044,2026-03-03 12:34:05,FileCreate,usuario_23,\Windows\System32
case_044,2026-03-03 12:35:15,ProcessCreate,usuario_23,8.8.8.8
case_044,2026-03-03 12:37:33,ProcessCreate,usuario_23,\Users\Public
case_044,2026-03-03 12:40:47,PipeCreate,usuario_23,-
case_044,2026-03-03 12:46:21,NetworkConnect,usuario_23,-
case_044,2026-03-03 12:50:04,ProcessExit,usuario_23,D:\backup
case_044,2026-03-03 12:53:11,DnsQuery,usuario_23,\Windows\System32
case_044,2026-03-03 12:58:55,ServiceQuery,usuario_23,\\fileserver\rh
case_044,2026-03-03 13:03:05,PipeCreate,usuario_23,cdn.contoso.com
case_044,2026-03-03 13:05:21,ServiceQuery,usuario_23,\\fileserver\financeiro
case_044,2026-03-03 13:10:24,FileModify,usuario_23,8.8.8.8
case_044,2026-03-03 13:14:25,ServiceQuery,usuario_23,C:\temp
case_044,2026-03-03 13:20:33,FileRead,usuario_23,-
case_044,2026-03-03 13:26:31,FileModify,usuario_23,8.8.8.8
case_044,2026-03-03 13:27:34,LogonOff,usuario_23,D:\backup
case_205,2026-03-04 12:26:44,LogonSuccess,usuario_29,8.8.8.8
case_205,2026-03-04 12:30:20,ProcessExit,usuario_29,cdn.contoso.com
case_205,2026-03-04 12:31:02,ImageLoad,usuario_29,HKLM\Software
case_205,2026-03-04 12:33:07,ImageLoad,usuario_29,8.8.8.8
case_205,2026-03-04 12:35:01,FileCreate,usuario_29,\Device\Pipe
case_205,2026-03-04 12:39:01,NetworkConnect,usuario_29,update.microsoft.com
case_205,2026-03-04 12:39:47,ImageLoad,usuario_29,\Device\Pipe
case_205,2026-03-04 12:42:43,ImageLoad,usuario_29,\Windows\System32
case_205,2026-03-04 12:47:40,ProcessCreate,usuario_29,D:\backup
case_205,2026-03-04 12:50:58,FileRead,usuario_29,\Windows\System32
case_205,2026-03-04 12:56:29,PowerShellExec,usuario_29,D:\backup
case_205,2026-03-04 12:59:41,RegistryModify,usuario_29,\\fileserver\rh
case_205,2026-03-04 13:05:03,RegistryModify,usuario_29,HKLM\Software
case_205,2026-03-04 13:05:37,DriverLoad,usuario_29,\\fileserver\financeiro
case_205,2026-03-04 13:12:08,ClipboardCapture,usuario_29,-
case_205,2026-03-04 13:16:10,LogonOff,usuario_29,8.8.8.8
case_021,2026-03-03 17:10:00,LogonSuccess,usuario_11,-
case_021,2026-03-03 17:10:42,ProcessExit,usuario_11,\Users\Documents
case_021,2026-03-03 17:16:39,ImageLoad,usuario_11,update.microsoft.com
case_021,2026-03-03 17:19:33,ProcessExit,usuario_11,cdn.contoso.com
case_021,2026-03-03 17:25:22,ProcessCreate,usuario_11,\Windows\System32
case_021,2026-03-03 17:26:13,ProcessExit,usuario_11,cdn.contoso.com
case_021,2026-03-03 17:29:58,ImageLoad,usuario_11,8.8.8.8
case_021,2026-03-03 17:36:09,ProcessCreate,usuario_11,\Users\Public
case_021,2026-03-03 17:40:40,ServiceQuery,usuario_11,\Users\Documents
case_021,2026-03-03 17:44:47,PipeCreate,usuario_11,\Users\Public
case_021,2026-03-03 17:45:48,FileRead,usuario_11,\\fileserver\financeiro
case_021,2026-03-03 17:51:19,LogonOff,usuario_11,C:\temp
case_277,2026-03-03 08:19:38,LogonSuccess,usuario_12,C:\temp
case_277,2026-03-03 08:20:45,NetworkConnect,usuario_12,-
case_277,2026-03-03 08:27:01,DnsQuery,usuario_12,update.microsoft.com
case_277,2026-03-03 08:27:46,ImageLoad,usuario_12,\\fileserver\rh
case_277,2026-03-03 08:28:46,DnsQuery,usuario_12,update.microsoft.com
case_277,2026-03-03 08:31:16,NetworkConnect,usuario_12,cdn.contoso.com
case_277,2026-03-03 08:32:52,ImageLoad,usuario_12,\\fileserver\rh
case_277,2026-03-03 08:34:24,NetworkConnect,usuario_12,8.8.8.8
case_277,2026-03-03 08:37:06,ImageLoad,usuario_12,C:\temp
case_277,2026-03-03 08:39:23,NetworkConnect,usuario_12,8.8.8.8
case_277,2026-03-03 08:42:22,DnsQuery,usuario_12,C:\temp
case_277,2026-03-03 08:47:08,ProcessCreate,usuario_12,\Users\Public
case_277,2026-03-03 08:49:26,ImageLoad,usuario_12,\Users\Public
case_277,2026-03-03 08:55:03,ImageLoad,usuario_12,\Windows\System32
case_277,2026-03-03 09:00:16,RegistryModify,usuario_12,\Device\Pipe
case_277,2026-03-03 09:06:55,FileModify,usuario_12,C:\temp
case_277,2026-03-03 09:09:42,PipeCreate,usuario_12,update.microsoft.com
case_277,2026-03-03 09:14:02,RegistryModify,usuario_12,8.8.8.8
case_277,2026-03-03 09:15:47,PowerShellExec,usuario_12,HKLM\Software
case_277,2026-03-03 09:16:15,PrintJob,usuario_12,D:\backup
case_019,2026-03-03 08:32:58,LogonSuccess,usuario_12,8.8.8.8
case_019,2026-03-03 08:38:03,FileCreate,usuario_12,\\fileserver\financeiro
case_019,2026-03-03 08:39:09,ProcessExit,usuario_12,D:\backup
case_019,2026-03-03 08:42:51,ProcessExit,usuario_12,\Windows\System32
case_019,2026-03-03 08:45:26,NetworkConnect,usuario_12,update.microsoft.com
case_019,2026-03-03 08:46:49,ImageLoad,usuario_12,cdn.contoso.com
case_019,2026-03-03 08:50:17,NetworkConnect,usuario_12,\Device\Pipe
case_019,2026-03-03 08:56:21,DnsQuery,usuario_12,\\fileserver\rh
case_019,2026-03-03 09:01:40,PipeCreate,usuario_12,8.8.8.8
case_019,2026-03-03 09:07:26,ClipboardCapture,usuario_12,\\fileserver\financeiro
case_019,2026-03-03 09:08:41,ScheduledTaskQuery,usuario_12,\Device\Pipe
case_019,2026-03-03 09:11:00,LogonOff,usuario_12,cdn.contoso.com
case_145,2026-03-06 09:15:48,LogonSuccess,usuario_27,\Users\Documents
case_145,2026-03-06 09:16:20,DnsQuery,usuario_27,-
case_145,2026-03-06 09:22:02,DnsQuery,usuario_27,D:\backup
case_145,2026-03-06 09:28:24,FileCreate,usuario_27,\\fileserver\rh
case_145,2026-03-06 09:33:31,DnsQuery,usuario_27,\Device\Pipe
case_145,2026-03-06 09:34:54,NetworkConnect,usuario_27,\Device\Pipe
case_145,2026-03-06 09:40:00,FileRead,usuario_27,\Users\Public
case_145,2026-03-06 09:41:58,PowerShellExec,usuario_27,-
case_145,2026-03-06 09:46:55,ServiceQuery,usuario_27,-
case_145,2026-03-06 09:47:42,LogonOff,usuario_27,-
case_175,2026-03-05 18:21:17,LogonSuccess,usuario_07,update.microsoft.com
case_175,2026-03-05 18:21:43,NetworkConnect,usuario_07,D:\backup
case_175,2026-03-05 18:27:53,DnsQuery,usuario_07,HKLM\Software
case_175,2026-03-05 18:28:39,PipeCreate,usuario_07,\Device\Pipe
case_175,2026-03-05 18:31:54,RegistryModify,usuario_07,8.8.8.8
case_175,2026-03-05 18:37:19,ScheduledTaskQuery,usuario_07,\Users\Documents
case_175,2026-03-05 18:37:43,PowerShellExec,usuario_07,8.8.8.8
case_175,2026-03-05 18:42:08,FileModify,usuario_07,\\fileserver\rh
case_175,2026-03-05 18:44:52,LogonOff,usuario_07,cdn.contoso.com
case_156,2026-03-03 16:08:18,LogonSuccess,usuario_19,\\fileserver\rh
case_156,2026-03-03 16:13:19,FileCreate,usuario_19,\Users\Public
case_156,2026-03-03 16:14:47,ProcessExit,usuario_19,D:\backup
case_156,2026-03-03 16:15:50,NetworkConnect,usuario_19,\\fileserver\rh
case_156,2026-03-03 16:19:57,NetworkConnect,usuario_19,update.microsoft.com
case_156,2026-03-03 16:23:17,ProcessExit,usuario_19,HKLM\Software
case_156,2026-03-03 16:28:35,FileCreate,usuario_19,\Windows\System32
case_156,2026-03-03 16:32:53,ImageLoad,usuario_19,update.microsoft.com
case_156,2026-03-03 16:38:31,FileCreate,usuario_19,\\fileserver\financeiro
case_156,2026-03-03 16:42:29,ImageLoad,usuario_19,cdn.contoso.com
case_156,2026-03-03 16:46:48,PipeCreate,usuario_19,8.8.8.8
case_156,2026-03-03 16:50:37,ProcessExit,usuario_19,\\fileserver\financeiro
case_156,2026-03-03 16:55:11,PipeCreate,usuario_19,\\fileserver\financeiro
case_156,2026-03-03 16:57:50,FileRead,usuario_19,8.8.8.8
case_156,2026-03-03 16:58:22,FileModify,usuario_19,C:\temp
case_156,2026-03-03 17:02:28,PipeCreate,usuario_19,HKLM\Software
case_156,2026-03-03 17:05:03,RegistryModify,usuario_19,\Device\Pipe
case_156,2026-03-03 17:06:01,FileModify,usuario_19,\\fileserver\financeiro
case_156,2026-03-03 17:07:03,ScheduledTaskQuery,usuario_19,\\fileserver\rh
case_156,2026-03-03 17:11:39,LogonOff,usuario_19,update.microsoft.com
case_161,2026-03-05 13:06:11,LogonSuccess,usuario_05,\Windows\System32
case_161,2026-03-05 13:10:06,ProcessCreate,usuario_05,\Windows\System32
case_161,2026-03-05 13:10:33,FileCreate,usuario_05,\\fileserver\financeiro
case_161,2026-03-05 13:12:31,FileCreate,usuario_05,\Device\Pipe
case_161,2026-03-05 13:18:33,DnsQuery,usuario_05,\Users\Public
case_161,2026-03-05 13:20:45,RegistryModify,usuario_05,\Users\Public
case_161,2026-03-05 13:26:45,FileRead,usuario_05,C:\temp
case_161,2026-03-05 13:33:15,FileRead,usuario_05,C:\temp
case_161,2026-03-05 13:33:57,FileRead,usuario_05,8.8.8.8
case_161,2026-03-05 13:38:39,ScheduledTaskQuery,usuario_05,\Users\Public
case_161,2026-03-05 13:41:46,LogonOff,usuario_05,\\fileserver\financeiro
case_149,2026-03-06 08:11:19,LogonSuccess,usuario_18,\\fileserver\financeiro
case_149,2026-03-06 08:14:33,ImageLoad,usuario_18,HKLM\Software
case_149,2026-03-06 08:18:48,ProcessExit,usuario_18,-
case_149,2026-03-06 08:21:56,ProcessExit,usuario_18,\Windows\System32
case_149,2026-03-06 08:28:10,DnsQuery,usuario_18,C:\temp
case_149,2026-03-06 08:34:00,DnsQuery,usuario_18,\Windows\System32
case_149,2026-03-06 08:39:31,FileModify,usuario_18,cdn.contoso.com
case_149,2026-03-06 08:39:53,FileModify,usuario_18,\Windows\System32
case_149,2026-03-06 08:45:57,LogonOff,usuario_18,C:\temp
case_243,2026-03-02 14:00:08,LogonSuccess,usuario_03,\Device\Pipe
case_243,2026-03-02 14:01:45,NetworkConnect,usuario_03,HKLM\Software
case_243,2026-03-02 14:05:52,ProcessExit,usuario_03,C:\temp
case_243,2026-03-02 14:11:56,ProcessExit,usuario_03,\\fileserver\rh
case_243,2026-03-02 14:15:03,FileCreate,usuario_03,\Windows\System32
case_243,2026-03-02 14:20:49,DnsQuery,usuario_03,\Users\Public
case_243,2026-03-02 14:25:35,RemoteThread,usuario_03,\\fileserver\rh
case_243,2026-03-02 14:30:23,DriverLoad,usuario_03,\Users\Public
case_243,2026-03-02 14:36:04,RemoteThread,usuario_03,-
case_243,2026-03-02 14:40:25,LogonOff,usuario_03,HKLM\Software
case_060,2026-03-04 17:05:01,LogonSuccess,usuario_23,C:\temp
case_060,2026-03-04 17:11:35,ProcessExit,usuario_23,8.8.8.8
case_060,2026-03-04 17:17:22,ProcessExit,usuario_23,cdn.contoso.com
case_060,2026-03-04 17:23:14,ImageLoad,usuario_23,\\fileserver\financeiro
case_060,2026-03-04 17:25:03,ProcessCreate,usuario_23,\Users\Documents
case_060,2026-03-04 17:30:10,ImageLoad,usuario_23,\Users\Documents
case_060,2026-03-04 17:35:44,RegistryModify,usuario_23,D:\backup
case_060,2026-03-04 17:39:06,FileCreate,usuario_23,HKLM\Software
case_060,2026-03-04 17:45:06,ProcessCreate,usuario_23,-
case_060,2026-03-04 17:46:55,FileCreate,usuario_23,8.8.8.8
case_060,2026-03-04 17:49:52,FileCreate,usuario_23,\Users\Documents
case_060,2026-03-04 17:56:04,ImageLoad,usuario_23,\\fileserver\rh
case_060,2026-03-04 17:57:29,RemoteThread,usuario_23,C:\temp
case_060,2026-03-04 18:04:02,PrintJob,usuario_23,\Windows\System32
case_060,2026-03-04 18:10:21,FileModify,usuario_23,-
case_060,2026-03-04 18:14:01,FileModify,usuario_23,D:\backup
case_060,2026-03-04 18:19:11,ScheduledTaskQuery,usuario_23,\Windows\System32
case_060,2026-03-04 18:21:04,WmiQuery,usuario_23,-
case_211,2026-03-02 13:02:51,LogonSuccess,usuario_09,HKLM\Software
case_211,2026-03-02 13:07:56,NetworkConnect,usuario_09,\Device\Pipe
case_211,2026-03-02 13:13:36,ImageLoad,usuario_09,\Windows\System32
case_211,2026-03-02 13:19:20,DnsQuery,usuario_09,\Device\Pipe
case_211,2026-03-02 13:19:44,ProcessCreate,usuario_09,HKLM\Software
case_211,2026-03-02 13:21:14,ProcessExit,usuario_09,-
case_211,2026-03-02 13:24:46,RegistryModify,usuario_09,HKLM\Software
case_211,2026-03-02 13:30:50,RegistryModify,usuario_09,HKLM\Software
case_211,2026-03-02 13:33:25,LogonOff,usuario_09,cdn.contoso.com
case_255,2026-03-03 13:55:26,LogonSuccess,usuario_12,-
case_255,2026-03-03 13:57:05,ImageLoad,usuario_12,\Device\Pipe
case_255,2026-03-03 14:00:50,DnsQuery,usuario_12,-
case_255,2026-03-03 14:02:51,ProcessExit,usuario_12,C:\temp
case_255,2026-03-03 14:06:41,DnsQuery,usuario_12,\\fileserver\financeiro
case_255,2026-03-03 14:11:00,ImageLoad,usuario_12,HKLM\Software
case_255,2026-03-03 14:17:38,NetworkConnect,usuario_12,C:\temp
case_255,2026-03-03 14:22:07,ProcessExit,usuario_12,\\fileserver\financeiro
case_255,2026-03-03 14:27:39,NetworkConnect,usuario_12,D:\backup
case_255,2026-03-03 14:33:12,DnsQuery,usuario_12,update.microsoft.com
case_255,2026-03-03 14:39:48,DnsQuery,usuario_12,\Device\Pipe
case_255,2026-03-03 14:40:26,NetworkConnect,usuario_12,\Device\Pipe
case_255,2026-03-03 14:41:35,RegistryModify,usuario_12,D:\backup
case_255,2026-03-03 14:42:28,FileModify,usuario_12,\Users\Public
case_255,2026-03-03 14:42:58,FileRead,usuario_12,\Windows\System32
case_255,2026-03-03 14:43:45,PipeCreate,usuario_12,\\fileserver\financeiro
case_255,2026-03-03 14:44:51,FileRead,usuario_12,\\fileserver\financeiro
case_255,2026-03-03 14:48:13,RegistryModify,usuario_12,HKLM\Software
case_255,2026-03-03 14:54:53,FileModify,usuario_12,C:\temp
case_255,2026-03-03 14:57:02,ScheduledTaskQuery,usuario_12,\\fileserver\rh
case_255,2026-03-03 14:57:55,ClipboardCapture,usuario_12,\\fileserver\financeiro
case_255,2026-03-03 15:03:34,LogonOff,usuario_12,\\fileserver\financeiro
case_195,2026-03-03 08:34:16,LogonSuccess,usuario_16,C:\temp
case_195,2026-03-03 08:38:32,ImageLoad,usuario_16,\Users\Public
case_195,2026-03-03 08:39:48,ProcessExit,usuario_16,HKLM\Software
case_195,2026-03-03 08:40:16,ProcessCreate,usuario_16,cdn.contoso.com
case_195,2026-03-03 08:42:11,ProcessCreate,usuario_16,\\fileserver\rh
case_195,2026-03-03 08:42:45,ImageLoad,usuario_16,cdn.contoso.com
case_195,2026-03-03 08:48:43,ProcessCreate,usuario_16,update.microsoft.com
case_195,2026-03-03 08:52:54,ImageLoad,usuario_16,\\fileserver\financeiro
case_195,2026-03-03 08:55:29,ProcessCreate,usuario_16,\Users\Public
case_195,2026-03-03 09:00:30,FileRead,usuario_16,\Users\Public
case_195,2026-03-03 09:03:51,FileCreate,usuario_16,8.8.8.8
case_195,2026-03-03 09:05:59,ImageLoad,usuario_16,C:\temp
case_195,2026-03-03 09:09:42,ProcessCreate,usuario_16,update.microsoft.com
case_195,2026-03-03 09:13:42,FileModify,usuario_16,update.microsoft.com
case_195,2026-03-03 09:16:52,FileModify,usuario_16,\Windows\System32
case_195,2026-03-03 09:20:57,RegistryModify,usuario_16,\\fileserver\rh
case_195,2026-03-03 09:24:26,PowerShellExec,usuario_16,\Users\Public
case_195,2026-03-03 09:25:11,DriverLoad,usuario_16,\Device\Pipe
case_195,2026-03-03 09:28:46,ScheduledTaskQuery,usuario_16,\Users\Documents
case_195,2026-03-03 09:32:42,LogonOff,usuario_16,HKLM\Software
case_102,2026-03-05 08:21:38,LogonSuccess,usuario_14,D:\backup
case_102,2026-03-05 08:25:36,ProcessCreate,usuario_14,update.microsoft.com
case_102,2026-03-05 08:26:29,ImageLoad,usuario_14,\\fileserver\rh
case_102,2026-03-05 08:30:50,NetworkConnect,usuario_14,C:\temp
case_102,2026-03-05 08:32:12,ProcessCreate,usuario_14,\Users\Documents
case_102,2026-03-05 08:34:52,ProcessCreate,usuario_14,\\fileserver\financeiro
case_102,2026-03-05 08:39:41,ProcessExit,usuario_14,8.8.8.8
case_102,2026-03-05 08:44:29,ImageLoad,usuario_14,HKLM\Software
case_102,2026-03-05 08:50:45,ProcessExit,usuario_14,HKLM\Software
case_102,2026-03-05 08:56:18,FileModify,usuario_14,\Windows\System32
case_102,2026-03-05 08:57:33,ProcessCreate,usuario_14,-
case_102,2026-03-05 09:04:06,NetworkConnect,usuario_14,\Device\Pipe
case_102,2026-03-05 09:08:56,FileRead,usuario_14,\Users\Public
case_102,2026-03-05 09:13:23,PowerShellExec,usuario_14,\Users\Documents
case_102,2026-03-05 09:19:35,FileModify,usuario_14,-
case_102,2026-03-05 09:25:56,ScheduledTaskQuery,usuario_14,\\fileserver\rh
case_102,2026-03-05 09:29:54,LogonOff,usuario_14,-
case_125,2026-03-05 10:51:35,LogonSuccess,usuario_27,\Users\Public
case_125,2026-03-05 10:53:54,DnsQuery,usuario_27,8.8.8.8
case_125,2026-03-05 11:00:25,ProcessExit,usuario_27,cdn.contoso.com
case_125,2026-03-05 11:03:07,ProcessCreate,usuario_27,D:\backup
case_125,2026-03-05 11:09:32,ProcessCreate,usuario_27,D:\backup
case_125,2026-03-05 11:14:49,DnsQuery,usuario_27,-
case_125,2026-03-05 11:17:28,ImageLoad,usuario_27,D:\backup
case_125,2026-03-05 11:23:17,ServiceQuery,usuario_27,8.8.8.8
case_125,2026-03-05 11:26:39,FileCreate,usuario_27,cdn.contoso.com
case_125,2026-03-05 11:32:40,ProcessExit,usuario_27,-
case_125,2026-03-05 11:36:27,ServiceQuery,usuario_27,cdn.contoso.com
case_125,2026-03-05 11:41:08,FileRead,usuario_27,\\fileserver\rh
case_125,2026-03-05 11:42:43,ScreenCapture,usuario_27,D:\backup
case_125,2026-03-05 11:46:55,LogonOff,usuario_27,\Users\Public
case_048,2026-03-05 18:53:28,LogonSuccess,usuario_04,\Windows\System32
case_048,2026-03-05 18:59:48,ProcessExit,usuario_04,HKLM\Software
case_048,2026-03-05 19:01:53,ProcessCreate,usuario_04,\\fileserver\rh
case_048,2026-03-05 19:08:13,ProcessCreate,usuario_04,D:\backup
case_048,2026-03-05 19:09:05,NetworkConnect,usuario_04,-
case_048,2026-03-05 19:10:17,ProcessCreate,usuario_04,D:\backup
case_048,2026-03-05 19:15:11,FileCreate,usuario_04,C:\temp
case_048,2026-03-05 19:18:38,FileModify,usuario_04,\\fileserver\financeiro
case_048,2026-03-05 19:20:38,RegistryModify,usuario_04,cdn.contoso.com
case_048,2026-03-05 19:21:56,PowerShellExec,usuario_04,\\fileserver\rh
case_048,2026-03-05 19:27:59,RegistryModify,usuario_04,cdn.contoso.com
case_048,2026-03-05 19:32:49,PrintJob,usuario_04,\Device\Pipe
case_048,2026-03-05 19:35:49,LogonOff,usuario_04,-
case_254,2026-03-03 12:43:42,LogonSuccess,usuario_21,\Users\Documents
case_254,2026-03-03 12:46:03,DnsQuery,usuario_21,\Device\Pipe
case_254,2026-03-03 12:50:34,DnsQuery,usuario_21,-
case_254,2026-03-03 12:53:02,ProcessExit,usuario_21,\\fileserver\financeiro
case_254,2026-03-03 12:58:47,NetworkConnect,usuario_21,cdn.contoso.com
case_254,2026-03-03 13:03:12,ProcessCreate,usuario_21,C:\temp
case_254,2026-03-03 13:07:24,ImageLoad,usuario_21,update.microsoft.com
case_254,2026-03-03 13:10:48,ProcessExit,usuario_21,HKLM\Software
case_254,2026-03-03 13:12:21,ProcessCreate,usuario_21,\\fileserver\rh
case_254,2026-03-03 13:18:07,FileCreate,usuario_21,\Users\Documents
case_254,2026-03-03 13:19:56,FileCreate,usuario_21,8.8.8.8
case_254,2026-03-03 13:22:27,ProcessExit,usuario_21,C:\temp
case_254,2026-03-03 13:25:55,FileRead,usuario_21,\Users\Documents
case_254,2026-03-03 13:26:25,FileModify,usuario_21,8.8.8.8
case_254,2026-03-03 13:29:18,FileModify,usuario_21,C:\temp
case_254,2026-03-03 13:29:59,WmiQuery,usuario_21,cdn.contoso.com
case_254,2026-03-03 13:33:49,ScheduledTaskQuery,usuario_21,\Users\Documents
case_254,2026-03-03 13:38:46,PrintJob,usuario_21,HKLM\Software
case_254,2026-03-03 13:42:31,LogonOff,usuario_21,C:\temp
case_136,2026-03-02 17:59:18,LogonSuccess,usuario_28,\Users\Public
case_136,2026-03-02 18:02:46,ProcessCreate,usuario_28,update.microsoft.com
case_136,2026-03-02 18:04:48,ImageLoad,usuario_28,cdn.contoso.com
case_136,2026-03-02 18:08:56,ImageLoad,usuario_28,8.8.8.8
case_136,2026-03-02 18:13:19,FileCreate,usuario_28,\\fileserver\rh
case_136,2026-03-02 18:18:27,ImageLoad,usuario_28,-
case_136,2026-03-02 18:22:23,ProcessCreate,usuario_28,\Users\Public
case_136,2026-03-02 18:26:19,DnsQuery,usuario_28,D:\backup
case_136,2026-03-02 18:29:47,PowerShellExec,usuario_28,-
case_136,2026-03-02 18:31:42,RegistryModify,usuario_28,8.8.8.8
case_136,2026-03-02 18:37:24,PipeCreate,usuario_28,8.8.8.8
case_136,2026-03-02 18:38:31,FileModify,usuario_28,\Windows\System32
case_136,2026-03-02 18:43:13,LogonOff,usuario_28,\\fileserver\financeiro
case_215,2026-03-05 18:11:25,LogonSuccess,usuario_27,8.8.8.8
case_215,2026-03-05 18:16:07,ProcessCreate,usuario_27,\Users\Documents
case_215,2026-03-05 18:16:38,FileCreate,usuario_27,\\fileserver\rh
case_215,2026-03-05 18:19:18,ProcessCreate,usuario_27,cdn.contoso.com
case_215,2026-03-05 18:21:21,RegistryModify,usuario_27,\Users\Public
case_215,2026-03-05 18:23:56,PowerShellExec,usuario_27,\Device\Pipe
case_215,2026-03-05 18:29:11,RegistryModify,usuario_27,cdn.contoso.com
case_215,2026-03-05 18:32:43,ServiceQuery,usuario_27,\\fileserver\rh
case_215,2026-03-05 18:36:42,ScheduledTaskQuery,usuario_27,\Users\Public
case_215,2026-03-05 18:38:55,LogonOff,usuario_27,8.8.8.8
case_146,2026-03-05 15:34:57,LogonSuccess,usuario_07,\Windows\System32
case_146,2026-03-05 15:38:11,ImageLoad,usuario_07,8.8.8.8
case_146,2026-03-05 15:40:03,ProcessExit,usuario_07,8.8.8.8
case_146,2026-03-05 15:40:35,ProcessExit,usuario_07,update.microsoft.com
case_146,2026-03-05 15:43:37,ProcessCreate,usuario_07,8.8.8.8
case_146,2026-03-05 15:46:08,PipeCreate,usuario_07,\Users\Public
case_146,2026-03-05 15:47:26,PrintJob,usuario_07,\Users\Public
case_086,2026-03-05 13:20:39,LogonSuccess,usuario_02,HKLM\Software
case_086,2026-03-05 13:24:13,FileCreate,usuario_02,-
case_086,2026-03-05 13:25:24,ProcessCreate,usuario_02,\\fileserver\financeiro
case_086,2026-03-05 13:28:49,ImageLoad,usuario_02,-
case_086,2026-03-05 13:31:21,FileCreate,usuario_02,C:\temp
case_086,2026-03-05 13:36:21,ImageLoad,usuario_02,\\fileserver\rh
case_086,2026-03-05 13:38:42,FileModify,usuario_02,\\fileserver\rh
case_086,2026-03-05 13:43:03,ServiceQuery,usuario_02,-
case_086,2026-03-05 13:46:18,ClipboardCapture,usuario_02,\\fileserver\financeiro
case_086,2026-03-05 13:48:12,RemoteThread,usuario_02,cdn.contoso.com
case_086,2026-03-05 13:52:09,ClipboardCapture,usuario_02,HKLM\Software
case_086,2026-03-05 13:56:03,RemoteThread,usuario_02,\Users\Documents
case_208,2026-03-06 13:20:53,LogonSuccess,usuario_11,\Users\Public
case_208,2026-03-06 13:25:43,NetworkConnect,usuario_11,D:\backup
case_208,2026-03-06 13:26:29,NetworkConnect,usuario_11,-
case_208,2026-03-06 13:30:50,ProcessExit,usuario_11,\Device\Pipe
case_208,2026-03-06 13:35:38,ProcessCreate,usuario_11,update.microsoft.com
case_208,2026-03-06 13:39:43,ImageLoad,usuario_11,\\fileserver\financeiro
case_208,2026-03-06 13:42:20,ProcessCreate,usuario_11,HKLM\Software
case_208,2026-03-06 13:47:34,ProcessCreate,usuario_11,\\fileserver\rh
case_208,2026-03-06 13:49:58,ImageLoad,usuario_11,\\fileserver\financeiro
case_208,2026-03-06 13:52:22,DnsQuery,usuario_11,D:\backup
case_208,2026-03-06 13:55:47,ImageLoad,usuario_11,HKLM\Software
case_208,2026-03-06 14:00:00,ProcessCreate,usuario_11,\\fileserver\financeiro
case_208,2026-03-06 14:01:19,NetworkConnect,usuario_11,\Users\Documents
case_208,2026-03-06 14:03:42,ImageLoad,usuario_11,cdn.contoso.com
case_208,2026-03-06 14:10:17,FileRead,usuario_11,8.8.8.8
case_208,2026-03-06 14:13:42,FileModify,usuario_11,\Users\Public
case_208,2026-03-06 14:17:02,FileModify,usuario_11,update.microsoft.com
case_208,2026-03-06 14:21:40,DriverLoad,usuario_11,\Users\Public
case_208,2026-03-06 14:25:05,ClipboardCapture,usuario_11,\Device\Pipe
case_208,2026-03-06 14:29:32,WmiQuery,usuario_11,-
case_208,2026-03-06 14:31:49,LogonOff,usuario_11,cdn.contoso.com
case_057,2026-03-02 13:59:01,LogonSuccess,usuario_05,8.8.8.8
case_057,2026-03-02 14:05:19,FileCreate,usuario_05,\\fileserver\financeiro
case_057,2026-03-02 14:09:33,ImageLoad,usuario_05,\Users\Documents
case_057,2026-03-02 14:10:36,NetworkConnect,usuario_05,-
case_057,2026-03-02 14:11:44,RegistryModify,usuario_05,update.microsoft.com
case_057,2026-03-02 14:13:12,PipeCreate,usuario_05,\Device\Pipe
case_057,2026-03-02 14:16:53,ProcessCreate,usuario_05,\Users\Public
case_057,2026-03-02 14:22:16,NetworkConnect,usuario_05,-
case_057,2026-03-02 14:23:07,RegistryModify,usuario_05,8.8.8.8
case_057,2026-03-02 14:29:06,FileRead,usuario_05,C:\temp
case_057,2026-03-02 14:31:27,LogonOff,usuario_05,\\fileserver\rh
case_033,2026-03-04 10:50:22,LogonSuccess,usuario_06,\\fileserver\rh
case_033,2026-03-04 10:54:49,ProcessExit,usuario_06,HKLM\Software
case_033,2026-03-04 11:00:59,ImageLoad,usuario_06,8.8.8.8
case_033,2026-03-04 11:03:51,FileCreate,usuario_06,cdn.contoso.com
case_033,2026-03-04 11:04:48,ProcessExit,usuario_06,\Users\Documents
case_033,2026-03-04 11:05:38,ImageLoad,usuario_06,C:\temp
case_033,2026-03-04 11:09:43,FileCreate,usuario_06,8.8.8.8
case_033,2026-03-04 11:14:10,FileModify,usuario_06,cdn.contoso.com
case_033,2026-03-04 11:16:14,ProcessExit,usuario_06,\\fileserver\financeiro
case_033,2026-03-04 11:21:44,FileRead,usuario_06,C:\temp
case_033,2026-03-04 11:24:44,RegistryModify,usuario_06,\Users\Documents
case_033,2026-03-04 11:27:47,FileRead,usuario_06,\Users\Documents
case_033,2026-03-04 11:31:03,ServiceQuery,usuario_06,8.8.8.8
case_033,2026-03-04 11:32:29,WmiQuery,usuario_06,D:\backup
case_033,2026-03-04 11:35:58,ClipboardCapture,usuario_06,update.microsoft.com
case_033,2026-03-04 11:41:05,LogonOff,usuario_06,\Users\Public
case_129,2026-03-03 17:39:47,LogonSuccess,usuario_26,\\fileserver\rh
case_129,2026-03-03 17:45:26,DnsQuery,usuario_26,update.microsoft.com
case_129,2026-03-03 17:49:38,ImageLoad,usuario_26,\Device\Pipe
case_129,2026-03-03 17:54:38,FileCreate,usuario_26,C:\temp
case_129,2026-03-03 17:55:07,FileModify,usuario_26,\Device\Pipe
case_129,2026-03-03 18:01:27,FileModify,usuario_26,update.microsoft.com
case_129,2026-03-03 18:03:22,RegistryModify,usuario_26,-
case_129,2026-03-03 18:07:57,FileModify,usuario_26,HKLM\Software
case_129,2026-03-03 18:13:55,LogonOff,usuario_26,\Users\Documents
case_073,2026-03-02 13:53:26,LogonSuccess,usuario_01,cdn.contoso.com
case_073,2026-03-02 13:56:35,ImageLoad,usuario_01,update.microsoft.com
case_073,2026-03-02 14:02:12,ProcessCreate,usuario_01,-
case_073,2026-03-02 14:06:34,ProcessCreate,usuario_01,\Users\Documents
case_073,2026-03-02 14:12:30,FileRead,usuario_01,\\fileserver\financeiro
case_073,2026-03-02 14:18:56,FileModify,usuario_01,cdn.contoso.com
case_073,2026-03-02 14:20:14,FileModify,usuario_01,\Users\Public
case_073,2026-03-02 14:26:11,LogonOff,usuario_01,HKLM\Software
case_064,2026-03-06 17:23:30,LogonSuccess,usuario_16,D:\backup
case_064,2026-03-06 17:26:25,DnsQuery,usuario_16,\\fileserver\rh
case_064,2026-03-06 17:29:08,DnsQuery,usuario_16,cdn.contoso.com
case_064,2026-03-06 17:35:24,DnsQuery,usuario_16,\Device\Pipe
case_064,2026-03-06 17:36:34,FileModify,usuario_16,HKLM\Software
case_064,2026-03-06 17:38:02,ProcessExit,usuario_16,\\fileserver\rh
case_064,2026-03-06 17:44:42,FileRead,usuario_16,cdn.contoso.com
case_064,2026-03-06 17:47:46,LogonOff,usuario_16,\\fileserver\rh
case_200,2026-03-02 18:58:13,LogonSuccess,usuario_23,\Device\Pipe
case_200,2026-03-02 19:02:17,NetworkConnect,usuario_23,\Device\Pipe
case_200,2026-03-02 19:07:52,FileCreate,usuario_23,\Users\Public
case_200,2026-03-02 19:11:53,ImageLoad,usuario_23,C:\temp
case_200,2026-03-02 19:17:38,ProcessCreate,usuario_23,\Windows\System32
case_200,2026-03-02 19:19:32,ImageLoad,usuario_23,C:\temp
case_200,2026-03-02 19:25:28,ProcessCreate,usuario_23,HKLM\Software
case_200,2026-03-02 19:27:15,ProcessExit,usuario_23,update.microsoft.com
case_200,2026-03-02 19:33:54,RegistryModify,usuario_23,\Users\Documents
case_200,2026-03-02 19:38:53,ProcessExit,usuario_23,HKLM\Software
case_200,2026-03-02 19:43:16,FileCreate,usuario_23,cdn.contoso.com
case_200,2026-03-02 19:46:04,FileRead,usuario_23,\\fileserver\rh
case_200,2026-03-02 19:52:05,FileRead,usuario_23,\Users\Public
case_200,2026-03-02 19:57:26,ServiceQuery,usuario_23,cdn.contoso.com
case_200,2026-03-02 20:00:54,ScreenCapture,usuario_23,\Device\Pipe
case_200,2026-03-02 20:03:34,LogonOff,usuario_23,8.8.8.8
case_193,2026-03-06 07:21:18,LogonSuccess,usuario_08,D:\backup
case_193,2026-03-06 07:25:10,ImageLoad,usuario_08,\Users\Documents
case_193,2026-03-06 07:28:04,ServiceQuery,usuario_08,\\fileserver\rh
case_193,2026-03-06 07:31:06,FileRead,usuario_08,D:\backup
case_193,2026-03-06 07:34:23,ClipboardCapture,usuario_08,8.8.8.8
case_193,2026-03-06 07:35:23,ServiceQuery,usuario_08,update.microsoft.com
case_193,2026-03-06 07:38:23,RemoteThread,usuario_08,cdn.contoso.com
case_216,2026-03-05 11:51:58,LogonSuccess,usuario_09,-
case_216,2026-03-05 11:57:24,ImageLoad,usuario_09,8.8.8.8
case_216,2026-03-05 11:57:46,FileCreate,usuario_09,\\fileserver\rh
case_216,2026-03-05 12:03:59,ProcessCreate,usuario_09,HKLM\Software
case_216,2026-03-05 12:09:06,ImageLoad,usuario_09,D:\backup
case_216,2026-03-05 12:13:36,NetworkConnect,usuario_09,update.microsoft.com
case_216,2026-03-05 12:18:11,NetworkConnect,usuario_09,\\fileserver\financeiro
case_216,2026-03-05 12:24:04,ImageLoad,usuario_09,HKLM\Software
case_216,2026-03-05 12:27:08,DnsQuery,usuario_09,cdn.contoso.com
case_216,2026-03-05 12:33:30,DnsQuery,usuario_09,cdn.contoso.com
case_216,2026-03-05 12:38:13,ProcessExit,usuario_09,update.microsoft.com
case_216,2026-03-05 12:44:51,NetworkConnect,usuario_09,\Users\Documents
case_216,2026-03-05 12:45:52,FileCreate,usuario_09,\Users\Public
case_216,2026-03-05 12:49:49,PowerShellExec,usuario_09,\Users\Documents
case_216,2026-03-05 12:50:48,FileModify,usuario_09,8.8.8.8
case_216,2026-03-05 12:52:13,FileCreate,usuario_09,D:\backup
case_216,2026-03-05 12:52:39,FileRead,usuario_09,C:\temp
case_216,2026-03-05 12:57:25,DriverLoad,usuario_09,\Users\Documents
case_216,2026-03-05 12:58:47,LogonOff,usuario_09,C:\temp
case_101,2026-03-05 15:43:39,LogonSuccess,usuario_17,HKLM\Software
case_101,2026-03-05 15:44:00,NetworkConnect,usuario_17,-
case_101,2026-03-05 15:46:29,ProcessExit,usuario_17,\Windows\System32
case_101,2026-03-05 15:50:43,NetworkConnect,usuario_17,cdn.contoso.com
case_101,2026-03-05 15:55:18,ServiceQuery,usuario_17,update.microsoft.com
case_101,2026-03-05 15:55:40,PipeCreate,usuario_17,-
case_101,2026-03-05 16:00:12,FileRead,usuario_17,HKLM\Software
case_101,2026-03-05 16:02:23,FileModify,usuario_17,-
case_101,2026-03-05 16:08:20,ClipboardCapture,usuario_17,cdn.contoso.com
case_045,2026-03-03 08:15:05,LogonSuccess,usuario_10,\\fileserver\rh
case_045,2026-03-03 08:18:56,ProcessCreate,usuario_10,8.8.8.8
case_045,2026-03-03 08:19:59,ImageLoad,usuario_10,\Users\Documents
case_045,2026-03-03 08:25:05,ProcessExit,usuario_10,HKLM\Software
case_045,2026-03-03 08:30:17,ImageLoad,usuario_10,update.microsoft.com
case_045,2026-03-03 08:32:03,ProcessCreate,usuario_10,\Device\Pipe
case_045,2026-03-03 08:35:37,NetworkConnect,usuario_10,C:\temp
case_045,2026-03-03 08:37:08,NetworkConnect,usuario_10,\\fileserver\rh
case_045,2026-03-03 08:40:02,RegistryModify,usuario_10,\\fileserver\rh
case_045,2026-03-03 08:44:34,FileRead,usuario_10,C:\temp
case_045,2026-03-03 08:45:26,RegistryModify,usuario_10,C:\temp
case_045,2026-03-03 08:49:28,LogonOff,usuario_10,\\fileserver\rh
case_198,2026-03-03 16:51:47,LogonSuccess,usuario_01,-
case_198,2026-03-03 16:56:52,ProcessExit,usuario_01,\Device\Pipe
case_198,2026-03-03 16:58:35,NetworkConnect,usuario_01,\\fileserver\rh
case_198,2026-03-03 17:03:04,ImageLoad,usuario_01,\\fileserver\rh
case_198,2026-03-03 17:03:57,DnsQuery,usuario_01,D:\backup
case_198,2026-03-03 17:06:47,FileCreate,usuario_01,\Windows\System32
case_198,2026-03-03 17:10:59,NetworkConnect,usuario_01,\Windows\System32
case_198,2026-03-03 17:13:10,RegistryModify,usuario_01,\\fileserver\rh
case_198,2026-03-03 17:18:33,FileRead,usuario_01,\Users\Public
case_198,2026-03-03 17:19:20,FileRead,usuario_01,cdn.contoso.com
case_198,2026-03-03 17:22:16,FileRead,usuario_01,\Windows\System32
case_198,2026-03-03 17:26:16,WmiQuery,usuario_01,\\fileserver\financeiro
case_198,2026-03-03 17:32:14,DriverLoad,usuario_01,\Windows\System32
case_198,2026-03-03 17:32:59,ScheduledTaskQuery,usuario_01,\\fileserver\rh
case_198,2026-03-03 17:34:29,ScheduledTaskQuery,usuario_01,\\fileserver\financeiro
case_198,2026-03-03 17:37:14,WmiQuery,usuario_01,D:\backup
case_198,2026-03-03 17:41:51,DriverLoad,usuario_01,\Device\Pipe
case_198,2026-03-03 17:46:58,ClipboardCapture,usuario_01,C:\temp
case_198,2026-03-03 17:48:02,LogonOff,usuario_01,\Users\Documents
case_218,2026-03-03 08:08:22,LogonSuccess,usuario_20,HKLM\Software
case_218,2026-03-03 08:09:28,ProcessExit,usuario_20,D:\backup
case_218,2026-03-03 08:15:02,DnsQuery,usuario_20,C:\temp
case_218,2026-03-03 08:16:35,ImageLoad,usuario_20,C:\temp
case_218,2026-03-03 08:20:58,ProcessCreate,usuario_20,\Windows\System32
case_218,2026-03-03 08:24:03,ImageLoad,usuario_20,\Users\Public
case_218,2026-03-03 08:24:49,ImageLoad,usuario_20,C:\temp
case_218,2026-03-03 08:29:30,ImageLoad,usuario_20,D:\backup
case_218,2026-03-03 08:33:35,FileCreate,usuario_20,8.8.8.8
case_218,2026-03-03 08:39:35,FileRead,usuario_20,cdn.contoso.com
case_218,2026-03-03 08:42:42,FileModify,usuario_20,\\fileserver\rh
case_218,2026-03-03 08:47:18,PowerShellExec,usuario_20,D:\backup
case_218,2026-03-03 08:48:38,FileRead,usuario_20,HKLM\Software
case_218,2026-03-03 08:53:44,FileRead,usuario_20,8.8.8.8
case_218,2026-03-03 08:57:17,FileModify,usuario_20,D:\backup
case_218,2026-03-03 09:00:54,ServiceQuery,usuario_20,\Users\Documents
case_218,2026-03-03 09:05:16,PrintJob,usuario_20,\\fileserver\financeiro
case_218,2026-03-03 09:08:15,LogonOff,usuario_20,update.microsoft.com
case_180,2026-03-06 08:48:46,LogonSuccess,usuario_22,\Users\Documents
case_180,2026-03-06 08:53:35,DnsQuery,usuario_22,C:\temp
case_180,2026-03-06 09:00:07,DnsQuery,usuario_22,D:\backup
case_180,2026-03-06 09:00:33,NetworkConnect,usuario_22,-
case_180,2026-03-06 09:01:44,ImageLoad,usuario_22,8.8.8.8
case_180,2026-03-06 09:05:20,DnsQuery,usuario_22,\Windows\System32
case_180,2026-03-06 09:06:36,ProcessExit,usuario_22,\Windows\System32
case_180,2026-03-06 09:12:25,FileCreate,usuario_22,\Windows\System32
case_180,2026-03-06 09:13:52,DnsQuery,usuario_22,HKLM\Software
case_180,2026-03-06 09:14:54,ImageLoad,usuario_22,\\fileserver\rh
case_180,2026-03-06 09:16:27,RegistryModify,usuario_22,\Device\Pipe
case_180,2026-03-06 09:21:54,FileRead,usuario_22,\Windows\System32
case_180,2026-03-06 09:22:18,ImageLoad,usuario_22,D:\backup
case_180,2026-03-06 09:23:32,FileRead,usuario_22,update.microsoft.com
case_180,2026-03-06 09:30:08,FileModify,usuario_22,\\fileserver\financeiro
case_180,2026-03-06 09:36:30,ServiceQuery,usuario_22,\Users\Public
case_180,2026-03-06 09:38:33,FileRead,usuario_22,C:\temp
case_180,2026-03-06 09:42:58,WmiQuery,usuario_22,D:\backup
case_180,2026-03-06 09:48:06,LogonOff,usuario_22,cdn.contoso.com
case_069,2026-03-05 14:19:30,LogonSuccess,usuario_14,cdn.contoso.com
case_069,2026-03-05 14:22:53,FileCreate,usuario_14,D:\backup
case_069,2026-03-05 14:24:49,ProcessCreate,usuario_14,C:\temp
case_069,2026-03-05 14:28:35,ImageLoad,usuario_14,\Windows\System32
case_069,2026-03-05 14:30:51,ProcessCreate,usuario_14,HKLM\Software
case_069,2026-03-05 14:37:23,ProcessCreate,usuario_14,C:\temp
case_069,2026-03-05 14:39:31,PipeCreate,usuario_14,\Users\Documents
case_069,2026-03-05 14:40:02,FileCreate,usuario_14,-
case_069,2026-03-05 14:44:40,RegistryModify,usuario_14,C:\temp
case_069,2026-03-05 14:46:03,RegistryModify,usuario_14,\\fileserver\financeiro
case_069,2026-03-05 14:52:27,ScheduledTaskQuery,usuario_14,\Device\Pipe
case_069,2026-03-05 14:53:06,WmiQuery,usuario_14,8.8.8.8
case_069,2026-03-05 14:58:53,ScheduledTaskQuery,usuario_14,\\fileserver\rh
case_166,2026-03-05 17:25:03,LogonSuccess,usuario_13,\Windows\System32
case_166,2026-03-05 17:31:39,ProcessCreate,usuario_13,\\fileserver\financeiro
case_166,2026-03-05 17:37:46,ProcessCreate,usuario_13,cdn.contoso.com
case_166,2026-03-05 17:40:05,ProcessExit,usuario_13,-
case_166,2026-03-05 17:44:33,DnsQuery,usuario_13,8.8.8.8
case_166,2026-03-05 17:51:11,FileCreate,usuario_13,-
case_166,2026-03-05 17:52:12,PowerShellExec,usuario_13,\\fileserver\financeiro
case_166,2026-03-05 17:56:11,ServiceQuery,usuario_13,cdn.contoso.com
case_166,2026-03-05 18:02:08,WmiQuery,usuario_13,\Users\Documents
case_166,2026-03-05 18:03:19,PrintJob,usuario_13,\Users\Documents
case_166,2026-03-05 18:06:56,ScheduledTaskQuery,usuario_13,\\fileserver\rh
case_166,2026-03-05 18:12:26,ScheduledTaskQuery,usuario_13,HKLM\Software
case_166,2026-03-05 18:18:50,LogonOff,usuario_13,C:\temp
case_117,2026-03-03 14:02:55,LogonSuccess,usuario_04,cdn.contoso.com
case_117,2026-03-03 14:06:49,DnsQuery,usuario_04,C:\temp
case_117,2026-03-03 14:10:04,ProcessExit,usuario_04,HKLM\Software
case_117,2026-03-03 14:12:55,NetworkConnect,usuario_04,-
case_117,2026-03-03 14:14:35,NetworkConnect,usuario_04,D:\backup
case_117,2026-03-03 14:20:21,DnsQuery,usuario_04,-
case_117,2026-03-03 14:22:08,ImageLoad,usuario_04,-
case_117,2026-03-03 14:27:11,FileCreate,usuario_04,HKLM\Software
case_117,2026-03-03 14:28:15,ScheduledTaskQuery,usuario_04,8.8.8.8
case_117,2026-03-03 14:33:02,PrintJob,usuario_04,cdn.contoso.com
case_117,2026-03-03 14:35:12,LogonOff,usuario_04,-
case_276,2026-03-03 14:50:39,LogonSuccess,usuario_08,\Windows\System32
case_276,2026-03-03 14:55:36,DnsQuery,usuario_08,D:\backup
case_276,2026-03-03 14:58:15,ProcessCreate,usuario_08,HKLM\Software
case_276,2026-03-03 15:04:19,ImageLoad,usuario_08,cdn.contoso.com
case_276,2026-03-03 15:08:22,FileRead,usuario_08,D:\backup
case_276,2026-03-03 15:13:10,ServiceQuery,usuario_08,\\fileserver\financeiro
case_276,2026-03-03 15:16:14,ServiceQuery,usuario_08,\Windows\System32
case_276,2026-03-03 15:20:49,PrintJob,usuario_08,update.microsoft.com
case_276,2026-03-03 15:26:24,ScheduledTaskQuery,usuario_08,8.8.8.8
case_276,2026-03-03 15:30:30,LogonOff,usuario_08,-
case_183,2026-03-04 13:09:54,LogonSuccess,usuario_02,C:\temp
case_183,2026-03-04 13:10:44,ProcessExit,usuario_02,\Device\Pipe
case_183,2026-03-04 13:11:20,ProcessCreate,usuario_02,-
case_183,2026-03-04 13:13:08,ProcessExit,usuario_02,update.microsoft.com
case_183,2026-03-04 13:14:50,ProcessCreate,usuario_02,\Windows\System32
case_183,2026-03-04 13:18:32,NetworkConnect,usuario_02,8.8.8.8
case_183,2026-03-04 13:24:40,ImageLoad,usuario_02,cdn.contoso.com
case_183,2026-03-04 13:29:43,NetworkConnect,usuario_02,\Users\Documents
case_183,2026-03-04 13:32:15,ServiceQuery,usuario_02,-
case_183,2026-03-04 13:36:51,ImageLoad,usuario_02,\\fileserver\rh
case_183,2026-03-04 13:43:14,ServiceQuery,usuario_02,HKLM\Software
case_183,2026-03-04 13:47:10,FileRead,usuario_02,C:\temp
case_183,2026-03-04 13:49:49,RegistryModify,usuario_02,\Users\Public
case_183,2026-03-04 13:54:36,RegistryModify,usuario_02,8.8.8.8
case_183,2026-03-04 13:56:00,ClipboardCapture,usuario_02,\Users\Documents
case_183,2026-03-04 13:58:08,DriverLoad,usuario_02,8.8.8.8
case_183,2026-03-04 14:03:44,PowerShellExec,usuario_02,\Windows\System32
case_183,2026-03-04 14:05:56,PowerShellExec,usuario_02,8.8.8.8
case_183,2026-03-04 14:07:50,DriverLoad,usuario_02,\Users\Documents
case_183,2026-03-04 14:12:56,WmiQuery,usuario_02,-
case_183,2026-03-04 14:13:55,LogonOff,usuario_02,\Users\Documents
case_058,2026-03-04 13:42:44,LogonSuccess,usuario_28,\Windows\System32
case_058,2026-03-04 13:43:35,ImageLoad,usuario_28,D:\backup
case_058,2026-03-04 13:45:48,ProcessExit,usuario_28,C:\temp
case_058,2026-03-04 13:47:49,DnsQuery,usuario_28,8.8.8.8
case_058,2026-03-04 13:51:19,ImageLoad,usuario_28,\Device\Pipe
case_058,2026-03-04 13:57:01,ProcessExit,usuario_28,\Device\Pipe
case_058,2026-03-04 13:58:04,ImageLoad,usuario_28,-
case_058,2026-03-04 14:03:24,ImageLoad,usuario_28,\\fileserver\rh
case_058,2026-03-04 14:04:22,ProcessExit,usuario_28,\Windows\System32
case_058,2026-03-04 14:05:15,ProcessExit,usuario_28,HKLM\Software
case_058,2026-03-04 14:11:05,DnsQuery,usuario_28,cdn.contoso.com
case_058,2026-03-04 14:12:30,NetworkConnect,usuario_28,\Users\Public
case_058,2026-03-04 14:15:39,ImageLoad,usuario_28,\Users\Public
case_058,2026-03-04 14:16:20,PipeCreate,usuario_28,cdn.contoso.com
case_058,2026-03-04 14:17:05,ProcessCreate,usuario_28,C:\temp
case_058,2026-03-04 14:22:18,FileModify,usuario_28,8.8.8.8
case_058,2026-03-04 14:28:48,FileCreate,usuario_28,8.8.8.8
case_058,2026-03-04 14:33:22,DriverLoad,usuario_28,\Windows\System32
case_058,2026-03-04 14:36:57,FileRead,usuario_28,\Device\Pipe
case_058,2026-03-04 14:40:55,RegistryModify,usuario_28,C:\temp
case_097,2026-03-04 14:20:20,LogonSuccess,usuario_03,HKLM\Software
case_097,2026-03-04 14:25:19,ProcessCreate,usuario_03,update.microsoft.com
case_097,2026-03-04 14:27:51,NetworkConnect,usuario_03,update.microsoft.com
case_097,2026-03-04 14:32:18,DnsQuery,usuario_03,-
case_097,2026-03-04 14:38:51,NetworkConnect,usuario_03,C:\temp
case_097,2026-03-04 14:45:06,ProcessCreate,usuario_03,\Users\Documents
case_097,2026-03-04 14:51:08,ProcessExit,usuario_03,\Windows\System32
case_097,2026-03-04 14:54:40,FileModify,usuario_03,-
case_097,2026-03-04 15:00:39,DnsQuery,usuario_03,update.microsoft.com
case_097,2026-03-04 15:01:21,ImageLoad,usuario_03,\\fileserver\rh
case_097,2026-03-04 15:03:08,PowerShellExec,usuario_03,\Windows\System32
case_097,2026-03-04 15:05:53,ProcessCreate,usuario_03,HKLM\Software
case_097,2026-03-04 15:12:09,FileRead,usuario_03,-
case_097,2026-03-04 15:14:47,PrintJob,usuario_03,\Windows\System32
case_097,2026-03-04 15:19:05,FileModify,usuario_03,\Device\Pipe
case_097,2026-03-04 15:19:29,RemoteThread,usuario_03,\Users\Public
case_097,2026-03-04 15:23:07,ScreenCapture,usuario_03,\Device\Pipe
case_097,2026-03-04 15:25:45,LogonOff,usuario_03,\Device\Pipe
case_226,2026-03-04 14:12:25,LogonSuccess,usuario_24,\Users\Documents
case_226,2026-03-04 14:13:10,ProcessCreate,usuario_24,\\fileserver\financeiro
case_226,2026-03-04 14:18:23,ProcessExit,usuario_24,cdn.contoso.com
case_226,2026-03-04 14:20:33,RegistryModify,usuario_24,D:\backup
case_226,2026-03-04 14:24:36,RegistryModify,usuario_24,\\fileserver\rh
case_226,2026-03-04 14:30:48,RegistryModify,usuario_24,D:\backup
case_226,2026-03-04 14:32:43,ClipboardCapture,usuario_24,\\fileserver\rh
case_226,2026-03-04 14:37:19,LogonOff,usuario_24,\Device\Pipe
case_093,2026-03-06 13:28:46,LogonSuccess,usuario_01,\Windows\System32
case_093,2026-03-06 13:30:12,NetworkConnect,usuario_01,C:\temp
case_093,2026-03-06 13:30:48,ProcessCreate,usuario_01,HKLM\Software
case_093,2026-03-06 13:32:02,NetworkConnect,usuario_01,cdn.contoso.com
case_093,2026-03-06 13:34:00,PowerShellExec,usuario_01,\Users\Public
case_093,2026-03-06 13:34:36,FileRead,usuario_01,-
case_093,2026-03-06 13:40:24,FileRead,usuario_01,8.8.8.8
case_093,2026-03-06 13:46:20,ScheduledTaskQuery,usuario_01,cdn.contoso.com
case_093,2026-03-06 13:51:09,DriverLoad,usuario_01,-
case_093,2026-03-06 13:57:28,LogonOff,usuario_01,-
case_228,2026-03-04 08:25:13,LogonSuccess,usuario_18,\Users\Public
case_228,2026-03-04 08:31:13,NetworkConnect,usuario_18,\Device\Pipe
case_228,2026-03-04 08:36:57,NetworkConnect,usuario_18,D:\backup
case_228,2026-03-04 08:42:42,ProcessExit,usuario_18,\\fileserver\financeiro
case_228,2026-03-04 08:47:19,ProcessCreate,usuario_18,update.microsoft.com
case_228,2026-03-04 08:52:11,FileCreate,usuario_18,8.8.8.8
case_228,2026-03-04 08:54:26,ImageLoad,usuario_18,8.8.8.8
case_228,2026-03-04 08:58:59,NetworkConnect,usuario_18,D:\backup
case_228,2026-03-04 09:03:16,DnsQuery,usuario_18,\\fileserver\rh
case_228,2026-03-04 09:07:26,ImageLoad,usuario_18,C:\temp
case_228,2026-03-04 09:09:16,FileRead,usuario_18,8.8.8.8
case_228,2026-03-04 09:12:03,ProcessCreate,usuario_18,\Windows\System32
case_228,2026-03-04 09:16:55,FileRead,usuario_18,\\fileserver\financeiro
case_228,2026-03-04 09:21:12,FileModify,usuario_18,\Device\Pipe
case_228,2026-03-04 09:23:00,RemoteThread,usuario_18,\Device\Pipe
case_228,2026-03-04 09:24:10,PrintJob,usuario_18,8.8.8.8
case_228,2026-03-04 09:29:27,DriverLoad,usuario_18,\Device\Pipe
case_228,2026-03-04 09:33:21,ScreenCapture,usuario_18,8.8.8.8
case_228,2026-03-04 09:37:11,LogonOff,usuario_18,HKLM\Software
case_135,2026-03-02 15:26:02,LogonSuccess,usuario_14,8.8.8.8
case_135,2026-03-02 15:29:33,FileCreate,usuario_14,-
case_135,2026-03-02 15:30:47,ProcessCreate,usuario_14,\\fileserver\financeiro
case_135,2026-03-02 15:32:25,ProcessExit,usuario_14,\Windows\System32
case_135,2026-03-02 15:33:26,FileCreate,usuario_14,cdn.contoso.com
case_135,2026-03-02 15:39:48,ProcessExit,usuario_14,\Device\Pipe
case_135,2026-03-02 15:44:13,ImageLoad,usuario_14,cdn.contoso.com
case_135,2026-03-02 15:49:54,ProcessExit,usuario_14,\\fileserver\rh
case_135,2026-03-02 15:55:18,NetworkConnect,usuario_14,\Device\Pipe
case_135,2026-03-02 15:55:40,FileCreate,usuario_14,\\fileserver\financeiro
case_135,2026-03-02 15:56:22,ServiceQuery,usuario_14,\Device\Pipe
case_135,2026-03-02 16:02:00,ServiceQuery,usuario_14,cdn.contoso.com
case_135,2026-03-02 16:05:06,RegistryModify,usuario_14,\Users\Documents
case_135,2026-03-02 16:11:41,ServiceQuery,usuario_14,D:\backup
case_135,2026-03-02 16:16:52,LogonOff,usuario_14,C:\temp
case_281,2026-03-03 00:47:39,LogonSuccess,usuario_25,C:\temp
case_281,2026-03-03 00:47:58,DnsQuery,usuario_25,\\fileserver\rh
case_281,2026-03-03 00:49:46,ProcessCreate,usuario_25,cdn.contoso.com
case_281,2026-03-03 00:51:41,ProcessCreate,usuario_25,\Users\Public
case_281,2026-03-03 00:52:24,ImageLoad,usuario_25,cdn.contoso.com
case_281,2026-03-03 00:53:00,FileRead,usuario_25,\\fileserver\financeiro
case_281,2026-03-03 00:54:41,ImageLoad,usuario_25,cdn.contoso.com
case_281,2026-03-03 00:55:10,FileRead,usuario_25,\\fileserver\financeiro
case_281,2026-03-03 00:55:35,FileRead,usuario_25,\\fileserver\financeiro
case_281,2026-03-03 00:57:15,FileRead,usuario_25,\\fileserver\financeiro
case_281,2026-03-03 00:58:28,NetworkConnect,usuario_25,D:\backup
case_281,2026-03-03 00:59:26,ArchiveCreate,usuario_25,-
case_281,2026-03-03 01:01:14,UsbCopy,usuario_25,\\fileserver\financeiro
case_281,2026-03-03 01:02:29,ProcessCreate,usuario_25,\\fileserver\rh
case_281,2026-03-03 01:03:57,LogonOff,usuario_25,update.microsoft.com
case_252,2026-03-05 07:45:09,LogonSuccess,usuario_30,D:\backup
case_252,2026-03-05 07:49:38,FileRead,usuario_30,\\fileserver\rh
case_252,2026-03-05 07:55:05,NetworkConnect,usuario_30,\Windows\System32
case_252,2026-03-05 08:00:45,ImageLoad,usuario_30,\Users\Documents
case_252,2026-03-05 08:04:27,FileRead,usuario_30,\Windows\System32
case_252,2026-03-05 08:10:43,RegistryModify,usuario_30,D:\backup
case_252,2026-03-05 08:14:52,FileModify,usuario_30,C:\temp
case_252,2026-03-05 08:20:51,ClipboardCapture,usuario_30,\Users\Documents
case_252,2026-03-05 08:23:05,PrintJob,usuario_30,\Users\Public
case_252,2026-03-05 08:28:51,LogonOff,usuario_30,\Users\Public
case_061,2026-03-06 10:46:40,LogonSuccess,usuario_30,cdn.contoso.com
case_061,2026-03-06 10:47:37,ProcessCreate,usuario_30,D:\backup
case_061,2026-03-06 10:48:14,ProcessCreate,usuario_30,\\fileserver\rh
case_061,2026-03-06 10:48:44,NetworkConnect,usuario_30,\\fileserver\financeiro
case_061,2026-03-06 10:51:17,NetworkConnect,usuario_30,\Users\Public
case_061,2026-03-06 10:52:14,ImageLoad,usuario_30,\\fileserver\financeiro
case_061,2026-03-06 10:54:01,NetworkConnect,usuario_30,8.8.8.8
case_061,2026-03-06 10:55:43,FileCreate,usuario_30,\Users\Documents
case_061,2026-03-06 10:56:41,ProcessCreate,usuario_30,update.microsoft.com
case_061,2026-03-06 10:57:48,NetworkConnect,usuario_30,\\fileserver\financeiro
case_061,2026-03-06 11:03:12,FileRead,usuario_30,-
case_061,2026-03-06 11:07:39,FileRead,usuario_30,\Users\Documents
case_061,2026-03-06 11:08:14,RegistryModify,usuario_30,8.8.8.8
case_061,2026-03-06 11:14:08,RegistryModify,usuario_30,C:\temp
case_061,2026-03-06 11:19:38,PowerShellExec,usuario_30,8.8.8.8
case_061,2026-03-06 11:21:18,WmiQuery,usuario_30,\Windows\System32
case_061,2026-03-06 11:22:29,LogonOff,usuario_30,\\fileserver\financeiro
case_168,2026-03-04 10:49:59,LogonSuccess,usuario_26,D:\backup
case_168,2026-03-04 10:51:23,NetworkConnect,usuario_26,update.microsoft.com
case_168,2026-03-04 10:57:22,ProcessCreate,usuario_26,-
case_168,2026-03-04 11:02:44,ProcessCreate,usuario_26,HKLM\Software
case_168,2026-03-04 11:03:58,FileModify,usuario_26,8.8.8.8
case_168,2026-03-04 11:04:22,ServiceQuery,usuario_26,update.microsoft.com
case_168,2026-03-04 11:08:37,ImageLoad,usuario_26,\\fileserver\financeiro
case_168,2026-03-04 11:10:11,NetworkConnect,usuario_26,\\fileserver\rh
case_168,2026-03-04 11:12:23,ProcessExit,usuario_26,cdn.contoso.com
case_168,2026-03-04 11:18:31,RegistryModify,usuario_26,cdn.contoso.com
case_168,2026-03-04 11:20:06,PowerShellExec,usuario_26,-
case_168,2026-03-04 11:22:51,FileRead,usuario_26,C:\temp
case_168,2026-03-04 11:28:51,PipeCreate,usuario_26,D:\backup
case_168,2026-03-04 11:35:10,FileRead,usuario_26,\Windows\System32
case_168,2026-03-04 11:40:36,RegistryModify,usuario_26,\\fileserver\financeiro
case_168,2026-03-04 11:43:34,FileModify,usuario_26,update.microsoft.com
case_168,2026-03-04 11:49:46,LogonOff,usuario_26,\Users\Public
case_062,2026-03-05 18:53:35,LogonSuccess,usuario_07,\Users\Documents
case_062,2026-03-05 18:59:36,ProcessCreate,usuario_07,\Users\Public
case_062,2026-03-05 19:00:39,ProcessCreate,usuario_07,\Device\Pipe
case_062,2026-03-05 19:03:55,ProcessCreate,usuario_07,D:\backup
case_062,2026-03-05 19:08:52,ProcessCreate,usuario_07,8.8.8.8
case_062,2026-03-05 19:14:13,FileCreate,usuario_07,HKLM\Software
case_062,2026-03-05 19:19:16,ProcessCreate,usuario_07,\Windows\System32
case_062,2026-03-05 19:22:54,FileCreate,usuario_07,update.microsoft.com
case_062,2026-03-05 19:26:48,FileCreate,usuario_07,update.microsoft.com
case_062,2026-03-05 19:32:59,FileRead,usuario_07,cdn.contoso.com
case_062,2026-03-05 19:38:12,ImageLoad,usuario_07,HKLM\Software
case_062,2026-03-05 19:42:35,FileRead,usuario_07,\\fileserver\rh
case_062,2026-03-05 19:43:35,ImageLoad,usuario_07,8.8.8.8
case_062,2026-03-05 19:50:00,DnsQuery,usuario_07,\Windows\System32
case_062,2026-03-05 19:54:37,PowerShellExec,usuario_07,-
case_062,2026-03-05 19:59:21,FileModify,usuario_07,D:\backup
case_062,2026-03-05 20:04:33,FileRead,usuario_07,\Device\Pipe
case_062,2026-03-05 20:10:10,PrintJob,usuario_07,C:\temp
case_062,2026-03-05 20:11:31,LogonOff,usuario_07,D:\backup
case_014,2026-03-02 11:18:55,LogonSuccess,usuario_06,\Users\Public
case_014,2026-03-02 11:20:35,ProcessCreate,usuario_06,HKLM\Software
case_014,2026-03-02 11:22:23,FileCreate,usuario_06,update.microsoft.com
case_014,2026-03-02 11:23:21,ProcessExit,usuario_06,C:\temp
case_014,2026-03-02 11:23:42,ProcessExit,usuario_06,8.8.8.8
case_014,2026-03-02 11:27:52,DnsQuery,usuario_06,\Users\Documents
case_014,2026-03-02 11:33:16,ProcessCreate,usuario_06,cdn.contoso.com
case_014,2026-03-02 11:36:05,FileModify,usuario_06,\Windows\System32
case_014,2026-03-02 11:38:23,ImageLoad,usuario_06,\\fileserver\rh
case_014,2026-03-02 11:44:44,FileRead,usuario_06,\\fileserver\rh
case_014,2026-03-02 11:51:03,PowerShellExec,usuario_06,cdn.contoso.com
case_014,2026-03-02 11:51:59,FileModify,usuario_06,\Device\Pipe
case_014,2026-03-02 11:54:18,FileModify,usuario_06,\\fileserver\rh
case_014,2026-03-02 11:59:58,WmiQuery,usuario_06,-
case_014,2026-03-02 12:05:56,LogonOff,usuario_06,D:\backup
case_178,2026-03-02 08:16:34,LogonSuccess,usuario_15,\Device\Pipe
case_178,2026-03-02 08:21:26,ProcessExit,usuario_15,update.microsoft.com
case_178,2026-03-02 08:22:24,ProcessExit,usuario_15,C:\temp
case_178,2026-03-02 08:26:28,ProcessCreate,usuario_15,D:\backup
case_178,2026-03-02 08:31:08,ImageLoad,usuario_15,8.8.8.8
case_178,2026-03-02 08:36:15,NetworkConnect,usuario_15,D:\backup
case_178,2026-03-02 08:39:54,DnsQuery,usuario_15,8.8.8.8
case_178,2026-03-02 08:45:24,ServiceQuery,usuario_15,\\fileserver\rh
case_178,2026-03-02 08:47:29,FileModify,usuario_15,C:\temp
case_178,2026-03-02 08:47:50,ScheduledTaskQuery,usuario_15,C:\temp
case_178,2026-03-02 08:53:02,RegistryModify,usuario_15,HKLM\Software
case_178,2026-03-02 08:58:25,RegistryModify,usuario_15,\Users\Documents
case_178,2026-03-02 08:58:49,ClipboardCapture,usuario_15,D:\backup
case_178,2026-03-02 09:03:31,ClipboardCapture,usuario_15,cdn.contoso.com
case_178,2026-03-02 09:08:08,ScreenCapture,usuario_15,\Users\Documents
case_178,2026-03-02 09:14:36,DriverLoad,usuario_15,update.microsoft.com
case_178,2026-03-02 09:17:08,LogonOff,usuario_15,\\fileserver\rh
case_237,2026-03-02 15:36:55,LogonSuccess,usuario_14,C:\temp
case_237,2026-03-02 15:39:27,ProcessCreate,usuario_14,HKLM\Software
case_237,2026-03-02 15:44:46,ProcessCreate,usuario_14,\Device\Pipe
case_237,2026-03-02 15:47:53,ProcessCreate,usuario_14,update.microsoft.com
case_237,2026-03-02 15:52:07,ProcessCreate,usuario_14,\Device\Pipe
case_237,2026-03-02 15:58:07,DnsQuery,usuario_14,HKLM\Software
case_237,2026-03-02 16:03:21,ProcessExit,usuario_14,\\fileserver\financeiro
case_237,2026-03-02 16:09:47,FileCreate,usuario_14,-
case_237,2026-03-02 16:11:25,ProcessExit,usuario_14,HKLM\Software
case_237,2026-03-02 16:13:00,FileRead,usuario_14,HKLM\Software
case_237,2026-03-02 16:15:57,FileCreate,usuario_14,C:\temp
case_237,2026-03-02 16:17:08,ProcessExit,usuario_14,\Windows\System32
case_237,2026-03-02 16:22:01,NetworkConnect,usuario_14,-
case_237,2026-03-02 16:22:41,ImageLoad,usuario_14,D:\backup
case_237,2026-03-02 16:24:06,NetworkConnect,usuario_14,update.microsoft.com
case_237,2026-03-02 16:27:24,FileRead,usuario_14,\Users\Public
case_237,2026-03-02 16:30:31,FileModify,usuario_14,\\fileserver\financeiro
case_237,2026-03-02 16:32:48,FileModify,usuario_14,\Device\Pipe
case_237,2026-03-02 16:34:54,ServiceQuery,usuario_14,HKLM\Software
case_237,2026-03-02 16:37:49,LogonOff,usuario_14,C:\temp
case_230,2026-03-05 08:01:18,LogonSuccess,usuario_15,\\fileserver\financeiro
case_230,2026-03-05 08:06:26,NetworkConnect,usuario_15,\\fileserver\financeiro
case_230,2026-03-05 08:12:51,DnsQuery,usuario_15,\\fileserver\rh
case_230,2026-03-05 08:15:48,ProcessExit,usuario_15,\Users\Documents
case_230,2026-03-05 08:17:29,ProcessExit,usuario_15,-
case_230,2026-03-05 08:23:13,ImageLoad,usuario_15,\\fileserver\rh
case_230,2026-03-05 08:27:36,ProcessExit,usuario_15,\Users\Documents
case_230,2026-03-05 08:31:41,ProcessExit,usuario_15,\Device\Pipe
case_230,2026-03-05 08:34:31,NetworkConnect,usuario_15,C:\temp
case_230,2026-03-05 08:41:11,DnsQuery,usuario_15,D:\backup
case_230,2026-03-05 08:47:26,RegistryModify,usuario_15,C:\temp
case_230,2026-03-05 08:49:01,DnsQuery,usuario_15,-
case_230,2026-03-05 08:51:50,PipeCreate,usuario_15,8.8.8.8
case_230,2026-03-05 08:54:21,FileCreate,usuario_15,\Device\Pipe
case_230,2026-03-05 08:56:37,PowerShellExec,usuario_15,\Windows\System32
case_230,2026-03-05 08:58:45,FileRead,usuario_15,-
case_230,2026-03-05 09:01:40,PipeCreate,usuario_15,C:\temp
case_230,2026-03-05 09:06:59,PowerShellExec,usuario_15,\Windows\System32
case_230,2026-03-05 09:09:31,ClipboardCapture,usuario_15,\\fileserver\financeiro
case_230,2026-03-05 09:16:00,LogonOff,usuario_15,update.microsoft.com
case_188,2026-03-04 07:14:09,LogonSuccess,usuario_22,C:\temp
case_188,2026-03-04 07:19:12,FileCreate,usuario_22,-
case_188,2026-03-04 07:20:55,ProcessExit,usuario_22,update.microsoft.com
case_188,2026-03-04 07:24:58,NetworkConnect,usuario_22,8.8.8.8
case_188,2026-03-04 07:27:43,DnsQuery,usuario_22,\Device\Pipe
case_188,2026-03-04 07:33:55,ImageLoad,usuario_22,\Device\Pipe
case_188,2026-03-04 07:37:58,ProcessCreate,usuario_22,\Device\Pipe
case_188,2026-03-04 07:40:43,DnsQuery,usuario_22,\Users\Documents
case_188,2026-03-04 07:46:20,DnsQuery,usuario_22,\Users\Public
case_188,2026-03-04 07:47:24,ProcessExit,usuario_22,D:\backup
case_188,2026-03-04 07:48:37,DnsQuery,usuario_22,\Users\Public
case_188,2026-03-04 07:54:29,ProcessExit,usuario_22,\Windows\System32
case_188,2026-03-04 08:00:04,FileCreate,usuario_22,8.8.8.8
case_188,2026-03-04 08:01:17,DnsQuery,usuario_22,cdn.contoso.com
case_188,2026-03-04 08:06:56,ProcessCreate,usuario_22,update.microsoft.com
case_188,2026-03-04 08:08:07,ProcessExit,usuario_22,\Device\Pipe
case_188,2026-03-04 08:12:14,DriverLoad,usuario_22,update.microsoft.com
case_188,2026-03-04 08:17:31,PowerShellExec,usuario_22,D:\backup
case_188,2026-03-04 08:18:07,ServiceQuery,usuario_22,\Device\Pipe
case_188,2026-03-04 08:20:55,DriverLoad,usuario_22,8.8.8.8
case_188,2026-03-04 08:23:03,RemoteThread,usuario_22,HKLM\Software
case_188,2026-03-04 08:27:15,LogonOff,usuario_22,update.microsoft.com
case_221,2026-03-02 08:06:12,LogonSuccess,usuario_22,\\fileserver\rh
case_221,2026-03-02 08:08:03,DnsQuery,usuario_22,\\fileserver\rh
case_221,2026-03-02 08:09:34,ImageLoad,usuario_22,-
case_221,2026-03-02 08:12:35,ProcessExit,usuario_22,8.8.8.8
case_221,2026-03-02 08:14:50,ProcessCreate,usuario_22,HKLM\Software
case_221,2026-03-02 08:17:29,ProcessExit,usuario_22,HKLM\Software
case_221,2026-03-02 08:19:19,ProcessCreate,usuario_22,\\fileserver\rh
case_221,2026-03-02 08:21:51,ProcessExit,usuario_22,\Users\Documents
case_221,2026-03-02 08:25:56,FileModify,usuario_22,\\fileserver\rh
case_221,2026-03-02 08:27:03,ProcessCreate,usuario_22,cdn.contoso.com
case_221,2026-03-02 08:30:24,FileRead,usuario_22,-
case_221,2026-03-02 08:33:50,DnsQuery,usuario_22,\\fileserver\financeiro
case_221,2026-03-02 08:39:38,NetworkConnect,usuario_22,update.microsoft.com
case_221,2026-03-02 08:43:48,FileModify,usuario_22,\Device\Pipe
case_221,2026-03-02 08:49:59,ServiceQuery,usuario_22,C:\temp
case_221,2026-03-02 08:50:37,FileRead,usuario_22,-
case_221,2026-03-02 08:54:14,ServiceQuery,usuario_22,C:\temp
case_221,2026-03-02 08:59:09,PipeCreate,usuario_22,-
case_221,2026-03-02 09:01:16,PrintJob,usuario_22,\Users\Documents
case_221,2026-03-02 09:05:18,WmiQuery,usuario_22,\\fileserver\financeiro
case_221,2026-03-02 09:11:08,LogonOff,usuario_22,D:\backup
case_251,2026-03-05 08:46:20,LogonSuccess,usuario_01,HKLM\Software
case_251,2026-03-05 08:47:30,FileCreate,usuario_01,cdn.contoso.com
case_251,2026-03-05 08:49:25,NetworkConnect,usuario_01,HKLM\Software
case_251,2026-03-05 08:55:49,FileCreate,usuario_01,\\fileserver\financeiro
case_251,2026-03-05 08:56:46,ImageLoad,usuario_01,\Users\Documents
case_251,2026-03-05 08:58:50,ProcessCreate,usuario_01,cdn.contoso.com
case_251,2026-03-05 09:00:55,ProcessCreate,usuario_01,-
case_251,2026-03-05 09:06:42,ProcessExit,usuario_01,-
case_251,2026-03-05 09:07:09,ProcessExit,usuario_01,\Windows\System32
case_251,2026-03-05 09:10:44,FileRead,usuario_01,HKLM\Software
case_251,2026-03-05 09:16:56,FileModify,usuario_01,\Users\Public
case_251,2026-03-05 09:19:44,PowerShellExec,usuario_01,\Windows\System32
case_251,2026-03-05 09:22:07,RegistryModify,usuario_01,\Device\Pipe
case_251,2026-03-05 09:25:16,PipeCreate,usuario_01,C:\temp
case_251,2026-03-05 09:28:55,ScheduledTaskQuery,usuario_01,HKLM\Software
case_170,2026-03-03 13:46:31,LogonSuccess,usuario_04,\\fileserver\rh
case_170,2026-03-03 13:52:46,NetworkConnect,usuario_04,\Users\Documents
case_170,2026-03-03 13:53:54,ServiceQuery,usuario_04,D:\backup
case_170,2026-03-03 13:59:17,RegistryModify,usuario_04,C:\temp
case_170,2026-03-03 14:02:53,FileRead,usuario_04,cdn.contoso.com
case_170,2026-03-03 14:08:43,FileRead,usuario_04,\Users\Documents
case_170,2026-03-03 14:12:45,PipeCreate,usuario_04,\\fileserver\rh
case_170,2026-03-03 14:17:57,PipeCreate,usuario_04,C:\temp
case_170,2026-03-03 14:19:07,FileRead,usuario_04,\\fileserver\financeiro
case_170,2026-03-03 14:19:59,FileRead,usuario_04,\Users\Documents
case_170,2026-03-03 14:24:54,WmiQuery,usuario_04,C:\temp
case_170,2026-03-03 14:28:41,LogonOff,usuario_04,\Users\Documents
case_120,2026-03-03 11:42:07,LogonSuccess,usuario_04,\\fileserver\rh
case_120,2026-03-03 11:46:20,ProcessCreate,usuario_04,C:\temp
case_120,2026-03-03 11:51:56,ProcessCreate,usuario_04,C:\temp
case_120,2026-03-03 11:58:20,ProcessExit,usuario_04,update.microsoft.com
case_120,2026-03-03 12:01:06,DnsQuery,usuario_04,C:\temp
case_120,2026-03-03 12:02:55,ProcessCreate,usuario_04,\Users\Documents
case_120,2026-03-03 12:09:09,DnsQuery,usuario_04,\Device\Pipe
case_120,2026-03-03 12:10:47,ProcessExit,usuario_04,C:\temp
case_120,2026-03-03 12:13:08,ImageLoad,usuario_04,\Users\Public
case_120,2026-03-03 12:13:49,DnsQuery,usuario_04,\\fileserver\financeiro
case_120,2026-03-03 12:19:03,ProcessExit,usuario_04,C:\temp
case_120,2026-03-03 12:23:08,FileCreate,usuario_04,\\fileserver\rh
case_120,2026-03-03 12:26:37,ServiceQuery,usuario_04,C:\temp
case_120,2026-03-03 12:28:42,PowerShellExec,usuario_04,update.microsoft.com
case_120,2026-03-03 12:35:04,FileRead,usuario_04,\Windows\System32
case_120,2026-03-03 12:41:04,RegistryModify,usuario_04,\\fileserver\financeiro
case_120,2026-03-03 12:44:20,PrintJob,usuario_04,C:\temp
case_120,2026-03-03 12:47:50,WmiQuery,usuario_04,cdn.contoso.com
case_054,2026-03-04 10:38:40,LogonSuccess,usuario_15,\\fileserver\financeiro
case_054,2026-03-04 10:41:42,ProcessCreate,usuario_15,C:\temp
case_054,2026-03-04 10:45:20,NetworkConnect,usuario_15,-
case_054,2026-03-04 10:49:15,ProcessCreate,usuario_15,\\fileserver\financeiro
case_054,2026-03-04 10:54:14,ImageLoad,usuario_15,\Device\Pipe
case_054,2026-03-04 10:56:02,ProcessCreate,usuario_15,D:\backup
case_054,2026-03-04 11:00:23,DnsQuery,usuario_15,D:\backup
case_054,2026-03-04 11:01:20,ProcessExit,usuario_15,\Windows\System32
case_054,2026-03-04 11:06:40,NetworkConnect,usuario_15,\Users\Public
case_054,2026-03-04 11:07:07,ProcessExit,usuario_15,\\fileserver\rh
case_054,2026-03-04 11:09:17,FileModify,usuario_15,\Windows\System32
case_054,2026-03-04 11:10:07,PipeCreate,usuario_15,D:\backup
case_054,2026-03-04 11:13:50,FileModify,usuario_15,update.microsoft.com
case_054,2026-03-04 11:16:36,FileModify,usuario_15,\Device\Pipe
case_054,2026-03-04 11:23:00,ServiceQuery,usuario_15,update.microsoft.com
case_054,2026-03-04 11:26:52,FileModify,usuario_15,8.8.8.8
case_054,2026-03-04 11:33:11,WmiQuery,usuario_15,8.8.8.8
case_054,2026-03-04 11:34:13,FileRead,usuario_15,\Device\Pipe
case_054,2026-03-04 11:39:07,LogonOff,usuario_15,update.microsoft.com
case_259,2026-03-03 07:51:45,LogonSuccess,usuario_08,\\fileserver\rh
case_259,2026-03-03 07:53:18,NetworkConnect,usuario_08,update.microsoft.com
case_259,2026-03-03 07:58:32,FileCreate,usuario_08,HKLM\Software
case_259,2026-03-03 08:04:50,ProcessExit,usuario_08,\Users\Public
case_259,2026-03-03 08:11:09,RegistryModify,usuario_08,D:\backup
case_259,2026-03-03 08:12:07,RegistryModify,usuario_08,HKLM\Software
case_259,2026-03-03 08:14:02,FileRead,usuario_08,\\fileserver\financeiro
case_259,2026-03-03 08:16:18,PowerShellExec,usuario_08,C:\temp
case_259,2026-03-03 08:20:00,LogonOff,usuario_08,\Device\Pipe
case_006,2026-03-06 08:23:26,LogonSuccess,usuario_02,C:\temp
case_006,2026-03-06 08:26:01,DnsQuery,usuario_02,\Users\Public
case_006,2026-03-06 08:27:15,DnsQuery,usuario_02,\Users\Documents
case_006,2026-03-06 08:32:18,FileCreate,usuario_02,C:\temp
case_006,2026-03-06 08:34:57,ImageLoad,usuario_02,\\fileserver\rh
case_006,2026-03-06 08:40:26,NetworkConnect,usuario_02,HKLM\Software
case_006,2026-03-06 08:46:53,ProcessCreate,usuario_02,\\fileserver\financeiro
case_006,2026-03-06 08:48:57,ProcessCreate,usuario_02,\Device\Pipe
case_006,2026-03-06 08:54:41,ImageLoad,usuario_02,\\fileserver\rh
case_006,2026-03-06 08:59:19,ImageLoad,usuario_02,cdn.contoso.com
case_006,2026-03-06 09:01:47,FileModify,usuario_02,\Windows\System32
case_006,2026-03-06 09:02:54,FileRead,usuario_02,\Device\Pipe
case_006,2026-03-06 09:06:50,RegistryModify,usuario_02,\\fileserver\rh
case_006,2026-03-06 09:07:32,PipeCreate,usuario_02,\Windows\System32
case_006,2026-03-06 09:10:42,PrintJob,usuario_02,D:\backup
case_006,2026-03-06 09:12:08,ScreenCapture,usuario_02,\Device\Pipe
case_006,2026-03-06 09:14:42,ScreenCapture,usuario_02,C:\temp
case_006,2026-03-06 09:21:21,LogonOff,usuario_02,cdn.contoso.com
case_052,2026-03-04 18:38:48,LogonSuccess,usuario_26,\\fileserver\rh
case_052,2026-03-04 18:39:55,ProcessCreate,usuario_26,\Device\Pipe
case_052,2026-03-04 18:43:19,ProcessExit,usuario_26,\\fileserver\rh
case_052,2026-03-04 18:44:21,ProcessCreate,usuario_26,\\fileserver\financeiro
case_052,2026-03-04 18:50:21,ServiceQuery,usuario_26,\Device\Pipe
case_052,2026-03-04 18:52:05,FileRead,usuario_26,\Windows\System32
case_052,2026-03-04 18:55:47,PrintJob,usuario_26,\Device\Pipe
case_052,2026-03-04 18:58:43,LogonOff,usuario_26,\Users\Documents
case_114,2026-03-05 13:53:54,LogonSuccess,usuario_16,-
case_114,2026-03-05 13:56:16,FileCreate,usuario_16,cdn.contoso.com
case_114,2026-03-05 13:59:55,DnsQuery,usuario_16,\Users\Public
case_114,2026-03-05 14:04:51,FileCreate,usuario_16,\Device\Pipe
case_114,2026-03-05 14:07:48,ProcessCreate,usuario_16,cdn.contoso.com
case_114,2026-03-05 14:12:41,ProcessCreate,usuario_16,D:\backup
case_114,2026-03-05 14:16:51,PowerShellExec,usuario_16,\Windows\System32
case_114,2026-03-05 14:17:29,FileCreate,usuario_16,\\fileserver\financeiro
case_114,2026-03-05 14:18:17,PipeCreate,usuario_16,\\fileserver\financeiro
case_114,2026-03-05 14:24:46,FileRead,usuario_16,\Windows\System32
case_114,2026-03-05 14:28:33,NetworkConnect,usuario_16,\Users\Public
case_114,2026-03-05 14:30:41,FileModify,usuario_16,D:\backup
case_114,2026-03-05 14:36:35,PipeCreate,usuario_16,\Device\Pipe
case_114,2026-03-05 14:41:22,FileRead,usuario_16,cdn.contoso.com
case_114,2026-03-05 14:47:29,WmiQuery,usuario_16,update.microsoft.com
case_114,2026-03-05 14:49:05,WmiQuery,usuario_16,\Users\Documents
case_114,2026-03-05 14:54:21,WmiQuery,usuario_16,HKLM\Software
case_114,2026-03-05 14:55:17,PrintJob,usuario_16,\Windows\System32
case_114,2026-03-05 15:01:53,LogonOff,usuario_16,C:\temp
case_174,2026-03-03 18:30:59,LogonSuccess,usuario_15,C:\temp
case_174,2026-03-03 18:34:49,NetworkConnect,usuario_15,\Users\Public
case_174,2026-03-03 18:39:18,ImageLoad,usuario_15,\Windows\System32
case_174,2026-03-03 18:40:57,FileCreate,usuario_15,D:\backup
case_174,2026-03-03 18:46:53,ProcessCreate,usuario_15,\\fileserver\rh
case_174,2026-03-03 18:49:08,ProcessExit,usuario_15,cdn.contoso.com
case_174,2026-03-03 18:52:50,ImageLoad,usuario_15,\\fileserver\financeiro
case_174,2026-03-03 18:55:43,ServiceQuery,usuario_15,\\fileserver\financeiro
case_174,2026-03-03 18:59:42,ProcessExit,usuario_15,C:\temp
case_174,2026-03-03 19:04:36,FileCreate,usuario_15,D:\backup
case_174,2026-03-03 19:07:13,NetworkConnect,usuario_15,\Users\Public
case_174,2026-03-03 19:11:17,FileRead,usuario_15,\Device\Pipe
case_174,2026-03-03 19:15:21,ProcessExit,usuario_15,C:\temp
case_174,2026-03-03 19:16:52,ProcessCreate,usuario_15,\\fileserver\financeiro
case_174,2026-03-03 19:20:54,NetworkConnect,usuario_15,\Windows\System32
case_174,2026-03-03 19:24:17,PowerShellExec,usuario_15,\Users\Documents
case_174,2026-03-03 19:26:18,ServiceQuery,usuario_15,\Users\Public
case_174,2026-03-03 19:28:15,PipeCreate,usuario_15,\\fileserver\rh
case_174,2026-03-03 19:28:55,FileRead,usuario_15,C:\temp
case_174,2026-03-03 19:32:37,DriverLoad,usuario_15,8.8.8.8
case_174,2026-03-03 19:39:17,ClipboardCapture,usuario_15,\\fileserver\financeiro
case_174,2026-03-03 19:39:53,LogonOff,usuario_15,C:\temp
case_085,2026-03-04 11:14:18,LogonSuccess,usuario_01,\\fileserver\rh
case_085,2026-03-04 11:16:23,ProcessExit,usuario_01,HKLM\Software
case_085,2026-03-04 11:18:26,ImageLoad,usuario_01,HKLM\Software
case_085,2026-03-04 11:24:02,DnsQuery,usuario_01,\\fileserver\financeiro
case_085,2026-03-04 11:25:41,NetworkConnect,usuario_01,D:\backup
case_085,2026-03-04 11:26:55,NetworkConnect,usuario_01,\Users\Public
case_085,2026-03-04 11:27:55,RegistryModify,usuario_01,\Device\Pipe
case_085,2026-03-04 11:33:54,FileModify,usuario_01,cdn.contoso.com
case_085,2026-03-04 11:39:28,LogonOff,usuario_01,\Windows\System32
case_176,2026-03-05 11:13:39,LogonSuccess,usuario_25,\Users\Public
case_176,2026-03-05 11:15:06,ImageLoad,usuario_25,8.8.8.8
case_176,2026-03-05 11:15:45,ImageLoad,usuario_25,\\fileserver\rh
case_176,2026-03-05 11:17:43,DnsQuery,usuario_25,C:\temp
case_176,2026-03-05 11:21:41,ProcessExit,usuario_25,\Windows\System32
case_176,2026-03-05 11:27:16,ProcessExit,usuario_25,HKLM\Software
case_176,2026-03-05 11:28:22,RegistryModify,usuario_25,\Windows\System32
case_176,2026-03-05 11:31:56,RegistryModify,usuario_25,8.8.8.8
case_176,2026-03-05 11:36:44,FileRead,usuario_25,\\fileserver\rh
case_039,2026-03-05 16:00:45,LogonSuccess,usuario_17,\Windows\System32
case_039,2026-03-05 16:02:56,NetworkConnect,usuario_17,-
case_039,2026-03-05 16:03:53,FileCreate,usuario_17,\Windows\System32
case_039,2026-03-05 16:07:49,ProcessExit,usuario_17,\\fileserver\financeiro
case_039,2026-03-05 16:14:07,FileCreate,usuario_17,\Users\Public
case_039,2026-03-05 16:19:04,ProcessCreate,usuario_17,\Windows\System32
case_039,2026-03-05 16:19:59,ProcessCreate,usuario_17,cdn.contoso.com
case_039,2026-03-05 16:20:35,ImageLoad,usuario_17,\\fileserver\rh
case_039,2026-03-05 16:24:24,FileModify,usuario_17,C:\temp
case_039,2026-03-05 16:25:53,ProcessExit,usuario_17,D:\backup
case_039,2026-03-05 16:31:41,FileModify,usuario_17,\Users\Documents
case_039,2026-03-05 16:37:31,FileModify,usuario_17,8.8.8.8
case_039,2026-03-05 16:41:02,LogonOff,usuario_17,8.8.8.8
case_260,2026-03-06 14:02:32,LogonSuccess,usuario_10,D:\backup
case_260,2026-03-06 14:07:02,ProcessCreate,usuario_10,\\fileserver\financeiro
case_260,2026-03-06 14:12:01,FileCreate,usuario_10,\Users\Documents
case_260,2026-03-06 14:13:58,NetworkConnect,usuario_10,HKLM\Software
case_260,2026-03-06 14:19:18,ImageLoad,usuario_10,C:\temp
case_260,2026-03-06 14:19:59,ProcessCreate,usuario_10,\Users\Documents
case_260,2026-03-06 14:23:19,ProcessCreate,usuario_10,8.8.8.8
case_260,2026-03-06 14:27:37,DnsQuery,usuario_10,cdn.contoso.com
case_260,2026-03-06 14:30:43,PowerShellExec,usuario_10,D:\backup
case_260,2026-03-06 14:34:29,ImageLoad,usuario_10,cdn.contoso.com
case_260,2026-03-06 14:38:46,FileRead,usuario_10,cdn.contoso.com
case_260,2026-03-06 14:40:24,FileRead,usuario_10,C:\temp
case_260,2026-03-06 14:47:01,PipeCreate,usuario_10,D:\backup
case_260,2026-03-06 14:50:38,PowerShellExec,usuario_10,8.8.8.8
case_260,2026-03-06 14:51:10,RegistryModify,usuario_10,C:\temp
case_260,2026-03-06 14:54:12,RegistryModify,usuario_10,8.8.8.8
case_260,2026-03-06 14:59:55,DriverLoad,usuario_10,C:\temp
case_260,2026-03-06 15:03:39,LogonOff,usuario_10,\\fileserver\financeiro
case_089,2026-03-05 14:03:10,LogonSuccess,usuario_17,\Users\Public
case_089,2026-03-05 14:09:05,ImageLoad,usuario_17,8.8.8.8
case_089,2026-03-05 14:12:03,DnsQuery,usuario_17,HKLM\Software
case_089,2026-03-05 14:14:29,ImageLoad,usuario_17,\Users\Documents
case_089,2026-03-05 14:17:14,ServiceQuery,usuario_17,cdn.contoso.com
case_089,2026-03-05 14:22:54,ProcessExit,usuario_17,C:\temp
case_089,2026-03-05 14:24:21,ImageLoad,usuario_17,update.microsoft.com
case_089,2026-03-05 14:26:08,RegistryModify,usuario_17,\Windows\System32
case_089,2026-03-05 14:26:45,RegistryModify,usuario_17,\Device\Pipe
case_089,2026-03-05 14:30:07,LogonOff,usuario_17,\\fileserver\financeiro
case_103,2026-03-06 16:48:39,LogonSuccess,usuario_09,\\fileserver\rh
case_103,2026-03-06 16:49:33,ProcessExit,usuario_09,\\fileserver\rh
case_103,2026-03-06 16:52:26,ImageLoad,usuario_09,update.microsoft.com
case_103,2026-03-06 16:57:27,FileCreate,usuario_09,\\fileserver\financeiro
case_103,2026-03-06 16:57:50,ProcessExit,usuario_09,\Users\Public
case_103,2026-03-06 17:04:01,FileCreate,usuario_09,\\fileserver\financeiro
case_103,2026-03-06 17:07:15,ImageLoad,usuario_09,8.8.8.8
case_103,2026-03-06 17:13:45,RegistryModify,usuario_09,-
case_103,2026-03-06 17:19:20,PowerShellExec,usuario_09,\Windows\System32
case_103,2026-03-06 17:21:09,ScheduledTaskQuery,usuario_09,HKLM\Software
case_103,2026-03-06 17:24:18,FileModify,usuario_09,\\fileserver\financeiro
case_103,2026-03-06 17:30:22,PrintJob,usuario_09,cdn.contoso.com
case_103,2026-03-06 17:34:44,LogonOff,usuario_09,D:\backup
case_184,2026-03-04 18:08:41,LogonSuccess,usuario_16,\\fileserver\financeiro
case_184,2026-03-04 18:09:48,ProcessCreate,usuario_16,\\fileserver\rh
case_184,2026-03-04 18:10:12,ProcessExit,usuario_16,\\fileserver\financeiro
case_184,2026-03-04 18:12:56,ImageLoad,usuario_16,8.8.8.8
case_184,2026-03-04 18:17:32,ProcessCreate,usuario_16,HKLM\Software
case_184,2026-03-04 18:20:33,ProcessExit,usuario_16,D:\backup
case_184,2026-03-04 18:24:13,ProcessExit,usuario_16,\Users\Documents
case_184,2026-03-04 18:27:35,PowerShellExec,usuario_16,C:\temp
case_184,2026-03-04 18:33:54,FileCreate,usuario_16,\Device\Pipe
case_184,2026-03-04 18:35:03,FileModify,usuario_16,\\fileserver\financeiro
case_184,2026-03-04 18:38:51,FileRead,usuario_16,\Users\Documents
case_184,2026-03-04 18:43:28,PowerShellExec,usuario_16,\Users\Public
case_184,2026-03-04 18:48:05,ServiceQuery,usuario_16,D:\backup
case_121,2026-03-06 12:08:07,LogonSuccess,usuario_06,8.8.8.8
case_121,2026-03-06 12:10:06,ProcessExit,usuario_06,cdn.contoso.com
case_121,2026-03-06 12:13:08,ProcessCreate,usuario_06,-
case_121,2026-03-06 12:18:37,FileCreate,usuario_06,update.microsoft.com
case_121,2026-03-06 12:19:25,FileCreate,usuario_06,\Device\Pipe
case_121,2026-03-06 12:22:49,ImageLoad,usuario_06,8.8.8.8
case_121,2026-03-06 12:24:24,PipeCreate,usuario_06,\Users\Documents
case_121,2026-03-06 12:28:22,PowerShellExec,usuario_06,\\fileserver\financeiro
case_121,2026-03-06 12:31:59,FileRead,usuario_06,\\fileserver\financeiro
case_121,2026-03-06 12:32:25,NetworkConnect,usuario_06,\\fileserver\rh
case_121,2026-03-06 12:35:41,FileRead,usuario_06,\\fileserver\financeiro
case_121,2026-03-06 12:38:38,PipeCreate,usuario_06,cdn.contoso.com
case_121,2026-03-06 12:43:45,PrintJob,usuario_06,\Users\Public
case_121,2026-03-06 12:45:55,RegistryModify,usuario_06,\Users\Documents
case_121,2026-03-06 12:50:02,ClipboardCapture,usuario_06,\Users\Documents
case_121,2026-03-06 12:53:54,PrintJob,usuario_06,D:\backup
case_121,2026-03-06 12:58:00,DriverLoad,usuario_06,\\fileserver\rh
case_121,2026-03-06 12:59:43,DriverLoad,usuario_06,D:\backup
case_121,2026-03-06 13:06:15,PrintJob,usuario_06,8.8.8.8
case_121,2026-03-06 13:12:48,WmiQuery,usuario_06,8.8.8.8
case_121,2026-03-06 13:14:19,ScreenCapture,usuario_06,-
case_121,2026-03-06 13:19:45,LogonOff,usuario_06,\Users\Public
case_187,2026-03-02 12:24:21,LogonSuccess,usuario_11,\Windows\System32
case_187,2026-03-02 12:25:28,NetworkConnect,usuario_11,8.8.8.8
case_187,2026-03-02 12:28:43,ProcessExit,usuario_11,D:\backup
case_187,2026-03-02 12:31:35,ProcessCreate,usuario_11,C:\temp
case_187,2026-03-02 12:33:36,FileCreate,usuario_11,\\fileserver\financeiro
case_187,2026-03-02 12:37:30,NetworkConnect,usuario_11,cdn.contoso.com
case_187,2026-03-02 12:41:53,DnsQuery,usuario_11,update.microsoft.com
case_187,2026-03-02 12:48:05,DnsQuery,usuario_11,D:\backup
case_187,2026-03-02 12:49:47,ProcessCreate,usuario_11,\Users\Documents
case_187,2026-03-02 12:53:50,NetworkConnect,usuario_11,\\fileserver\financeiro
case_187,2026-03-02 13:00:04,RegistryModify,usuario_11,-
case_187,2026-03-02 13:03:43,FileRead,usuario_11,\Windows\System32
case_187,2026-03-02 13:08:50,FileCreate,usuario_11,D:\backup
case_187,2026-03-02 13:14:15,ImageLoad,usuario_11,HKLM\Software
case_187,2026-03-02 13:15:14,FileModify,usuario_11,\Users\Documents
case_187,2026-03-02 13:21:15,PrintJob,usuario_11,-
case_187,2026-03-02 13:26:50,LogonOff,usuario_11,C:\temp
case_070,2026-03-02 17:08:03,LogonSuccess,usuario_20,cdn.contoso.com
case_070,2026-03-02 17:11:12,FileCreate,usuario_20,HKLM\Software
case_070,2026-03-02 17:11:33,DnsQuery,usuario_20,\Windows\System32
case_070,2026-03-02 17:17:36,DnsQuery,usuario_20,\Users\Public
case_070,2026-03-02 17:18:52,ProcessCreate,usuario_20,-
case_070,2026-03-02 17:24:54,ProcessExit,usuario_20,cdn.contoso.com
case_070,2026-03-02 17:26:30,ImageLoad,usuario_20,\Users\Public
case_070,2026-03-02 17:31:11,ProcessCreate,usuario_20,\Users\Public
case_070,2026-03-02 17:37:41,ProcessExit,usuario_20,\Users\Documents
case_070,2026-03-02 17:38:52,ImageLoad,usuario_20,\\fileserver\rh
case_070,2026-03-02 17:44:41,ProcessExit,usuario_20,HKLM\Software
case_070,2026-03-02 17:48:54,ProcessCreate,usuario_20,\\fileserver\rh
case_070,2026-03-02 17:51:29,FileRead,usuario_20,cdn.contoso.com
case_070,2026-03-02 17:52:14,RegistryModify,usuario_20,\Users\Public
case_070,2026-03-02 17:54:03,FileRead,usuario_20,\Windows\System32
case_070,2026-03-02 17:56:51,ServiceQuery,usuario_20,\\fileserver\financeiro
case_070,2026-03-02 18:02:57,RegistryModify,usuario_20,\\fileserver\financeiro
case_070,2026-03-02 18:06:55,LogonOff,usuario_20,\Users\Documents
case_071,2026-03-02 07:09:54,LogonSuccess,usuario_04,\Users\Public
case_071,2026-03-02 07:11:21,DnsQuery,usuario_04,\Users\Documents
case_071,2026-03-02 07:17:52,ProcessExit,usuario_04,\Windows\System32
case_071,2026-03-02 07:19:33,ProcessCreate,usuario_04,\Users\Public
case_071,2026-03-02 07:23:26,FileRead,usuario_04,-
case_071,2026-03-02 07:27:53,NetworkConnect,usuario_04,D:\backup
case_071,2026-03-02 07:33:04,FileRead,usuario_04,\Device\Pipe
case_071,2026-03-02 07:37:08,PowerShellExec,usuario_04,C:\temp
case_071,2026-03-02 07:42:40,ScheduledTaskQuery,usuario_04,8.8.8.8
case_071,2026-03-02 07:46:03,LogonOff,usuario_04,-
case_220,2026-03-04 17:57:30,LogonSuccess,usuario_02,\Device\Pipe
case_220,2026-03-04 18:03:53,FileCreate,usuario_02,\Windows\System32
case_220,2026-03-04 18:06:53,FileRead,usuario_02,\Users\Public
case_220,2026-03-04 18:11:51,ImageLoad,usuario_02,\\fileserver\rh
case_220,2026-03-04 18:13:50,DnsQuery,usuario_02,\Device\Pipe
case_220,2026-03-04 18:19:24,FileRead,usuario_02,\Users\Documents
case_220,2026-03-04 18:19:52,ServiceQuery,usuario_02,\\fileserver\financeiro
case_220,2026-03-04 18:25:56,ProcessCreate,usuario_02,\\fileserver\financeiro
case_220,2026-03-04 18:32:19,DriverLoad,usuario_02,C:\temp
case_220,2026-03-04 18:37:39,RegistryModify,usuario_02,\Users\Documents
case_220,2026-03-04 18:41:06,PowerShellExec,usuario_02,update.microsoft.com
case_220,2026-03-04 18:41:33,PrintJob,usuario_02,\Device\Pipe
case_220,2026-03-04 18:45:19,ScreenCapture,usuario_02,8.8.8.8
case_256,2026-03-05 15:06:21,LogonSuccess,usuario_29,\Users\Public
case_256,2026-03-05 15:09:50,ImageLoad,usuario_29,\Users\Public
case_256,2026-03-05 15:11:40,ImageLoad,usuario_29,C:\temp
case_256,2026-03-05 15:17:19,ProcessExit,usuario_29,\\fileserver\rh
case_256,2026-03-05 15:23:25,ImageLoad,usuario_29,8.8.8.8
case_256,2026-03-05 15:25:01,ProcessExit,usuario_29,\Users\Public
case_256,2026-03-05 15:31:03,ServiceQuery,usuario_29,HKLM\Software
case_256,2026-03-05 15:36:47,PowerShellExec,usuario_29,\\fileserver\financeiro
case_256,2026-03-05 15:39:36,ProcessExit,usuario_29,\Users\Documents
case_256,2026-03-05 15:40:38,ProcessExit,usuario_29,\\fileserver\financeiro
case_256,2026-03-05 15:46:06,ProcessExit,usuario_29,D:\backup
case_256,2026-03-05 15:50:39,DnsQuery,usuario_29,\Windows\System32
case_256,2026-03-05 15:56:17,FileModify,usuario_29,-
case_256,2026-03-05 16:00:10,FileRead,usuario_29,C:\temp
case_256,2026-03-05 16:03:36,RegistryModify,usuario_29,\\fileserver\rh
case_256,2026-03-05 16:05:34,WmiQuery,usuario_29,update.microsoft.com
case_256,2026-03-05 16:08:17,ScheduledTaskQuery,usuario_29,update.microsoft.com
case_256,2026-03-05 16:08:49,ClipboardCapture,usuario_29,cdn.contoso.com
case_256,2026-03-05 16:11:52,LogonOff,usuario_29,C:\temp
case_007,2026-03-05 16:34:00,LogonSuccess,usuario_23,\Users\Public
case_007,2026-03-05 16:37:21,ProcessCreate,usuario_23,D:\backup
case_007,2026-03-05 16:42:27,ProcessExit,usuario_23,8.8.8.8
case_007,2026-03-05 16:48:04,FileCreate,usuario_23,\Users\Documents
case_007,2026-03-05 16:49:43,ServiceQuery,usuario_23,HKLM\Software
case_007,2026-03-05 16:51:26,FileModify,usuario_23,D:\backup
case_007,2026-03-05 16:53:16,ScheduledTaskQuery,usuario_23,8.8.8.8
case_007,2026-03-05 16:53:48,ClipboardCapture,usuario_23,C:\temp
case_007,2026-03-05 17:00:25,LogonOff,usuario_23,\\fileserver\financeiro
case_160,2026-03-05 10:19:25,LogonSuccess,usuario_24,C:\temp
case_160,2026-03-05 10:19:54,ProcessCreate,usuario_24,-
case_160,2026-03-05 10:21:05,ProcessExit,usuario_24,C:\temp
case_160,2026-03-05 10:23:55,FileCreate,usuario_24,\Users\Public
case_160,2026-03-05 10:28:48,RegistryModify,usuario_24,\Users\Documents
case_160,2026-03-05 10:32:28,NetworkConnect,usuario_24,C:\temp
case_160,2026-03-05 10:33:27,PrintJob,usuario_24,\Device\Pipe
case_160,2026-03-05 10:33:52,LogonOff,usuario_24,\Device\Pipe
case_182,2026-03-05 09:33:57,LogonSuccess,usuario_06,C:\temp
case_182,2026-03-05 09:39:51,ImageLoad,usuario_06,HKLM\Software
case_182,2026-03-05 09:43:27,ImageLoad,usuario_06,8.8.8.8
case_182,2026-03-05 09:48:28,FileCreate,usuario_06,cdn.contoso.com
case_182,2026-03-05 09:53:23,ProcessExit,usuario_06,update.microsoft.com
case_182,2026-03-05 09:57:55,NetworkConnect,usuario_06,update.microsoft.com
case_182,2026-03-05 10:02:49,PowerShellExec,usuario_06,HKLM\Software
case_182,2026-03-05 10:06:25,ProcessExit,usuario_06,\Users\Public
case_182,2026-03-05 10:11:42,ImageLoad,usuario_06,\Users\Documents
case_182,2026-03-05 10:15:37,ServiceQuery,usuario_06,update.microsoft.com
case_182,2026-03-05 10:20:52,FileRead,usuario_06,D:\backup
case_182,2026-03-05 10:27:07,PipeCreate,usuario_06,D:\backup
case_182,2026-03-05 10:29:19,PipeCreate,usuario_06,\Users\Documents
case_182,2026-03-05 10:30:23,FileRead,usuario_06,HKLM\Software
case_182,2026-03-05 10:33:48,ClipboardCapture,usuario_06,\Windows\System32
case_182,2026-03-05 10:35:52,RemoteThread,usuario_06,\Windows\System32
case_182,2026-03-05 10:39:17,ScheduledTaskQuery,usuario_06,update.microsoft.com
case_182,2026-03-05 10:43:39,LogonOff,usuario_06,C:\temp
case_075,2026-03-03 08:46:24,LogonSuccess,usuario_27,\\fileserver\financeiro
case_075,2026-03-03 08:51:31,ImageLoad,usuario_27,cdn.contoso.com
case_075,2026-03-03 08:56:49,ImageLoad,usuario_27,-
case_075,2026-03-03 09:02:50,ProcessExit,usuario_27,\Users\Documents
case_075,2026-03-03 09:06:43,FileCreate,usuario_27,\Device\Pipe
case_075,2026-03-03 09:11:36,NetworkConnect,usuario_27,\\fileserver\rh
case_075,2026-03-03 09:15:32,DnsQuery,usuario_27,D:\backup
case_075,2026-03-03 09:15:58,DnsQuery,usuario_27,update.microsoft.com
case_075,2026-03-03 09:17:12,RegistryModify,usuario_27,\Windows\System32
case_075,2026-03-03 09:20:47,PipeCreate,usuario_27,C:\temp
case_075,2026-03-03 09:21:34,RegistryModify,usuario_27,\Device\Pipe
case_075,2026-03-03 09:22:22,FileModify,usuario_27,HKLM\Software
case_075,2026-03-03 09:24:58,ClipboardCapture,usuario_27,D:\backup
case_075,2026-03-03 09:26:40,WmiQuery,usuario_27,\\fileserver\rh
case_075,2026-03-03 09:32:49,RemoteThread,usuario_27,\\fileserver\rh
case_075,2026-03-03 09:34:23,DriverLoad,usuario_27,\Windows\System32
case_075,2026-03-03 09:40:36,ScheduledTaskQuery,usuario_27,D:\backup
case_189,2026-03-03 15:00:07,LogonSuccess,usuario_04,-
case_189,2026-03-03 15:03:09,NetworkConnect,usuario_04,\\fileserver\financeiro
case_189,2026-03-03 15:04:56,ImageLoad,usuario_04,-
case_189,2026-03-03 15:08:56,ImageLoad,usuario_04,HKLM\Software
case_189,2026-03-03 15:14:00,ProcessCreate,usuario_04,8.8.8.8
case_189,2026-03-03 15:15:58,DnsQuery,usuario_04,-
case_189,2026-03-03 15:21:47,RegistryModify,usuario_04,8.8.8.8
case_189,2026-03-03 15:22:33,PowerShellExec,usuario_04,D:\backup
case_189,2026-03-03 15:27:48,RegistryModify,usuario_04,8.8.8.8
case_189,2026-03-03 15:29:13,DriverLoad,usuario_04,\Device\Pipe
case_189,2026-03-03 15:32:52,ScheduledTaskQuery,usuario_04,\Users\Documents
case_189,2026-03-03 15:34:40,ClipboardCapture,usuario_04,8.8.8.8
case_189,2026-03-03 15:37:42,LogonOff,usuario_04,update.microsoft.com
case_074,2026-03-04 17:48:51,LogonSuccess,usuario_11,cdn.contoso.com
case_074,2026-03-04 17:53:05,DnsQuery,usuario_11,\Device\Pipe
case_074,2026-03-04 17:58:26,FileCreate,usuario_11,update.microsoft.com
case_074,2026-03-04 17:59:54,ProcessCreate,usuario_11,cdn.contoso.com
case_074,2026-03-04 18:00:16,ImageLoad,usuario_11,update.microsoft.com
case_074,2026-03-04 18:06:52,ProcessExit,usuario_11,\Windows\System32
case_074,2026-03-04 18:11:55,FileModify,usuario_11,8.8.8.8
case_074,2026-03-04 18:17:14,NetworkConnect,usuario_11,cdn.contoso.com
case_074,2026-03-04 18:21:54,PowerShellExec,usuario_11,D:\backup
case_074,2026-03-04 18:23:44,RegistryModify,usuario_11,\Users\Documents
case_074,2026-03-04 18:29:00,ClipboardCapture,usuario_11,C:\temp
case_157,2026-03-02 11:43:59,LogonSuccess,usuario_21,D:\backup
case_157,2026-03-02 11:47:45,ProcessCreate,usuario_21,8.8.8.8
case_157,2026-03-02 11:53:01,ProcessCreate,usuario_21,D:\backup
case_157,2026-03-02 11:58:56,PowerShellExec,usuario_21,\Windows\System32
case_157,2026-03-02 12:03:17,NetworkConnect,usuario_21,\Device\Pipe
case_157,2026-03-02 12:07:59,ProcessExit,usuario_21,D:\backup
case_157,2026-03-02 12:09:35,ImageLoad,usuario_21,8.8.8.8
case_157,2026-03-02 12:11:51,ProcessCreate,usuario_21,HKLM\Software
case_157,2026-03-02 12:18:21,ProcessExit,usuario_21,\Users\Documents
case_157,2026-03-02 12:20:28,FileRead,usuario_21,cdn.contoso.com
case_157,2026-03-02 12:22:47,LogonOff,usuario_21,update.microsoft.com
case_016,2026-03-03 15:50:23,LogonSuccess,usuario_02,update.microsoft.com
case_016,2026-03-03 15:51:52,ProcessExit,usuario_02,\Users\Public
case_016,2026-03-03 15:54:33,ImageLoad,usuario_02,D:\backup
case_016,2026-03-03 15:58:25,DnsQuery,usuario_02,\\fileserver\financeiro
case_016,2026-03-03 16:03:04,ProcessExit,usuario_02,\\fileserver\rh
case_016,2026-03-03 16:03:25,PipeCreate,usuario_02,\\fileserver\rh
case_016,2026-03-03 16:09:56,FileModify,usuario_02,\\fileserver\rh
case_016,2026-03-03 16:15:16,ImageLoad,usuario_02,-
case_016,2026-03-03 16:21:13,FileModify,usuario_02,cdn.contoso.com
case_016,2026-03-03 16:22:49,FileModify,usuario_02,cdn.contoso.com
case_016,2026-03-03 16:27:44,RegistryModify,usuario_02,cdn.contoso.com
case_016,2026-03-03 16:31:00,FileModify,usuario_02,\\fileserver\financeiro
case_016,2026-03-03 16:36:02,PipeCreate,usuario_02,D:\backup
case_016,2026-03-03 16:41:00,DriverLoad,usuario_02,8.8.8.8
case_016,2026-03-03 16:45:13,FileRead,usuario_02,\\fileserver\financeiro
case_016,2026-03-03 16:47:09,PrintJob,usuario_02,\Users\Documents
case_016,2026-03-03 16:49:31,LogonOff,usuario_02,-
case_290,2026-03-02 00:38:51,LogonSuccess,usuario_14,update.microsoft.com
case_290,2026-03-02 00:40:30,DnsQuery,usuario_14,update.microsoft.com
case_290,2026-03-02 00:41:21,ProcessCreate,usuario_14,D:\backup
case_290,2026-03-02 00:41:50,FileRead,usuario_14,\\fileserver\financeiro
case_290,2026-03-02 00:42:35,FileRead,usuario_14,\\fileserver\financeiro
case_290,2026-03-02 00:43:39,NetworkConnect,usuario_14,update.microsoft.com
case_290,2026-03-02 00:45:26,FileRead,usuario_14,\\fileserver\financeiro
case_290,2026-03-02 00:46:23,FileRead,usuario_14,\\fileserver\financeiro
case_290,2026-03-02 00:47:00,ArchiveCreate,usuario_14,update.microsoft.com
case_290,2026-03-02 00:48:38,ExternalUpload,usuario_14,HKLM\Software
case_290,2026-03-02 00:48:54,LogonOff,usuario_14,\Device\Pipe
case_287,2026-03-04 03:50:08,LogonSuccess,usuario_28,8.8.8.8
case_287,2026-03-04 03:50:34,DnsQuery,usuario_28,cdn.contoso.com
case_287,2026-03-04 03:51:31,ProcessCreate,usuario_28,C:\temp
case_287,2026-03-04 03:51:51,FileRead,usuario_28,\\fileserver\financeiro
case_287,2026-03-04 03:52:23,FileRead,usuario_28,\\fileserver\financeiro
case_287,2026-03-04 03:53:08,FileRead,usuario_28,\\fileserver\financeiro
case_287,2026-03-04 03:54:28,FileRead,usuario_28,\\fileserver\financeiro
case_287,2026-03-04 03:56:00,ArchiveCreate,usuario_28,cdn.contoso.com
case_287,2026-03-04 03:56:50,ImageLoad,usuario_28,HKLM\Software
case_287,2026-03-04 03:58:37,ExternalUpload,usuario_28,C:\temp
case_287,2026-03-04 03:59:45,LogonOff,usuario_28,\Windows\System32
case_099,2026-03-02 12:26:56,LogonSuccess,usuario_24,cdn.contoso.com
case_099,2026-03-02 12:28:26,ProcessExit,usuario_24,C:\temp
case_099,2026-03-02 12:30:24,ProcessCreate,usuario_24,HKLM\Software
case_099,2026-03-02 12:31:00,ImageLoad,usuario_24,8.8.8.8
case_099,2026-03-02 12:31:27,FileRead,usuario_24,\\fileserver\rh
case_099,2026-03-02 12:35:18,ProcessExit,usuario_24,HKLM\Software
case_099,2026-03-02 12:41:58,RegistryModify,usuario_24,\Device\Pipe
case_099,2026-03-02 12:44:01,ProcessExit,usuario_24,D:\backup
case_099,2026-03-02 12:46:05,FileModify,usuario_24,\Users\Public
case_099,2026-03-02 12:47:55,PowerShellExec,usuario_24,cdn.contoso.com
case_099,2026-03-02 12:53:30,RegistryModify,usuario_24,cdn.contoso.com
case_099,2026-03-02 12:59:42,WmiQuery,usuario_24,\\fileserver\financeiro
case_099,2026-03-02 13:03:56,RemoteThread,usuario_24,HKLM\Software
case_099,2026-03-02 13:07:54,LogonOff,usuario_24,8.8.8.8
case_264,2026-03-03 12:34:39,LogonSuccess,usuario_13,D:\backup
case_264,2026-03-03 12:36:58,NetworkConnect,usuario_13,C:\temp
case_264,2026-03-03 12:38:28,NetworkConnect,usuario_13,update.microsoft.com
case_264,2026-03-03 12:41:31,FileCreate,usuario_13,\\fileserver\financeiro
case_264,2026-03-03 12:45:09,ProcessExit,usuario_13,D:\backup
case_264,2026-03-03 12:50:53,NetworkConnect,usuario_13,\Device\Pipe
case_264,2026-03-03 12:54:35,NetworkConnect,usuario_13,\Windows\System32
case_264,2026-03-03 12:59:16,ProcessCreate,usuario_13,D:\backup
case_264,2026-03-03 13:02:04,FileCreate,usuario_13,cdn.contoso.com
case_264,2026-03-03 13:02:36,ProcessCreate,usuario_13,\Device\Pipe
case_264,2026-03-03 13:09:01,ProcessExit,usuario_13,\Users\Documents
case_264,2026-03-03 13:12:53,RegistryModify,usuario_13,update.microsoft.com
case_264,2026-03-03 13:13:47,PipeCreate,usuario_13,\Windows\System32
case_264,2026-03-03 13:15:49,ProcessCreate,usuario_13,-
case_264,2026-03-03 13:16:27,RegistryModify,usuario_13,HKLM\Software
case_264,2026-03-03 13:18:44,ProcessCreate,usuario_13,-
case_264,2026-03-03 13:23:15,FileRead,usuario_13,\Windows\System32
case_264,2026-03-03 13:26:33,PipeCreate,usuario_13,\Users\Documents
case_264,2026-03-03 13:27:34,RegistryModify,usuario_13,-
case_264,2026-03-03 13:31:02,PrintJob,usuario_13,update.microsoft.com
case_113,2026-03-05 11:43:49,LogonSuccess,usuario_21,\Users\Public
case_113,2026-03-05 11:49:01,ImageLoad,usuario_21,\Users\Documents
case_113,2026-03-05 11:51:29,ImageLoad,usuario_21,D:\backup
case_113,2026-03-05 11:55:37,ProcessExit,usuario_21,\Windows\System32
case_113,2026-03-05 12:00:11,ImageLoad,usuario_21,C:\temp
case_113,2026-03-05 12:06:05,NetworkConnect,usuario_21,\Device\Pipe
case_113,2026-03-05 12:06:25,ProcessCreate,usuario_21,\Windows\System32
case_113,2026-03-05 12:12:25,RegistryModify,usuario_21,8.8.8.8
case_113,2026-03-05 12:15:01,PipeCreate,usuario_21,C:\temp
case_113,2026-03-05 12:21:19,PowerShellExec,usuario_21,\\fileserver\financeiro
case_113,2026-03-05 12:24:59,PipeCreate,usuario_21,-
case_113,2026-03-05 12:25:20,FileRead,usuario_21,update.microsoft.com
case_113,2026-03-05 12:31:42,ScreenCapture,usuario_21,D:\backup
case_154,2026-03-03 11:08:08,LogonSuccess,usuario_15,\Windows\System32
case_154,2026-03-03 11:12:41,ProcessExit,usuario_15,HKLM\Software
case_154,2026-03-03 11:13:02,FileCreate,usuario_15,\Device\Pipe
case_154,2026-03-03 11:15:16,NetworkConnect,usuario_15,\Users\Documents
case_154,2026-03-03 11:17:33,ProcessExit,usuario_15,cdn.contoso.com
case_154,2026-03-03 11:23:12,ImageLoad,usuario_15,HKLM\Software
case_154,2026-03-03 11:25:34,ProcessExit,usuario_15,cdn.contoso.com
case_154,2026-03-03 11:32:10,ProcessCreate,usuario_15,D:\backup
case_154,2026-03-03 11:35:19,FileCreate,usuario_15,D:\backup
case_154,2026-03-03 11:41:57,DnsQuery,usuario_15,8.8.8.8
case_154,2026-03-03 11:44:02,ImageLoad,usuario_15,8.8.8.8
case_154,2026-03-03 11:45:56,FileModify,usuario_15,\Windows\System32
case_154,2026-03-03 11:49:21,PowerShellExec,usuario_15,\Windows\System32
case_154,2026-03-03 11:50:18,FileCreate,usuario_15,\\fileserver\financeiro
case_154,2026-03-03 11:50:53,FileRead,usuario_15,update.microsoft.com
case_154,2026-03-03 11:52:11,FileModify,usuario_15,C:\temp
case_154,2026-03-03 11:54:59,FileModify,usuario_15,cdn.contoso.com
case_154,2026-03-03 11:56:58,FileRead,usuario_15,\Device\Pipe
case_154,2026-03-03 12:02:17,DriverLoad,usuario_15,D:\backup
case_154,2026-03-03 12:05:41,LogonOff,usuario_15,\Windows\System32
case_047,2026-03-05 10:34:28,LogonSuccess,usuario_01,\\fileserver\rh
case_047,2026-03-05 10:36:41,ProcessCreate,usuario_01,update.microsoft.com
case_047,2026-03-05 10:41:26,DnsQuery,usuario_01,update.microsoft.com
case_047,2026-03-05 10:46:43,DnsQuery,usuario_01,\Users\Documents
case_047,2026-03-05 10:51:57,ImageLoad,usuario_01,HKLM\Software
case_047,2026-03-05 10:56:05,FileCreate,usuario_01,\\fileserver\financeiro
case_047,2026-03-05 10:59:45,FileCreate,usuario_01,cdn.contoso.com
case_047,2026-03-05 11:05:52,FileCreate,usuario_01,-
case_047,2026-03-05 11:12:05,ImageLoad,usuario_01,update.microsoft.com
case_047,2026-03-05 11:13:42,FileRead,usuario_01,\\fileserver\financeiro
case_047,2026-03-05 11:14:14,RegistryModify,usuario_01,cdn.contoso.com
case_047,2026-03-05 11:15:27,PowerShellExec,usuario_01,\\fileserver\rh
case_047,2026-03-05 11:19:19,RegistryModify,usuario_01,\Users\Public
case_047,2026-03-05 11:20:38,PipeCreate,usuario_01,\Users\Documents
case_047,2026-03-05 11:22:10,FileRead,usuario_01,\\fileserver\financeiro
case_047,2026-03-05 11:25:09,RegistryModify,usuario_01,\\fileserver\financeiro
case_047,2026-03-05 11:29:22,PipeCreate,usuario_01,D:\backup
case_047,2026-03-05 11:31:27,PrintJob,usuario_01,update.microsoft.com
case_047,2026-03-05 11:35:54,ScreenCapture,usuario_01,\\fileserver\financeiro
case_013,2026-03-04 11:11:53,LogonSuccess,usuario_09,update.microsoft.com
case_013,2026-03-04 11:18:06,NetworkConnect,usuario_09,C:\temp
case_013,2026-03-04 11:20:04,FileCreate,usuario_09,HKLM\Software
case_013,2026-03-04 11:26:42,ProcessCreate,usuario_09,cdn.contoso.com
case_013,2026-03-04 11:29:23,ProcessCreate,usuario_09,\Users\Documents
case_013,2026-03-04 11:34:44,ProcessExit,usuario_09,D:\backup
case_013,2026-03-04 11:39:32,ImageLoad,usuario_09,-
case_013,2026-03-04 11:42:16,DnsQuery,usuario_09,\Users\Public
case_013,2026-03-04 11:44:15,NetworkConnect,usuario_09,\\fileserver\rh
case_013,2026-03-04 11:46:31,ImageLoad,usuario_09,\\fileserver\financeiro
case_013,2026-03-04 11:48:22,ImageLoad,usuario_09,\\fileserver\rh
case_013,2026-03-04 11:48:49,ProcessCreate,usuario_09,\Users\Documents
case_013,2026-03-04 11:53:42,ProcessCreate,usuario_09,C:\temp
case_013,2026-03-04 11:56:22,RegistryModify,usuario_09,\Windows\System32
case_013,2026-03-04 11:57:09,PowerShellExec,usuario_09,update.microsoft.com
case_013,2026-03-04 11:59:58,ServiceQuery,usuario_09,\Users\Documents
case_013,2026-03-04 12:01:22,RegistryModify,usuario_09,\Device\Pipe
case_013,2026-03-04 12:05:53,FileModify,usuario_09,\Users\Public
case_013,2026-03-04 12:06:19,WmiQuery,usuario_09,-
case_013,2026-03-04 12:09:04,ScheduledTaskQuery,usuario_09,cdn.contoso.com
case_013,2026-03-04 12:13:29,ScheduledTaskQuery,usuario_09,cdn.contoso.com
case_110,2026-03-02 16:41:30,LogonSuccess,usuario_02,\\fileserver\rh
case_110,2026-03-02 16:42:21,FileCreate,usuario_02,\Device\Pipe
case_110,2026-03-02 16:46:43,ImageLoad,usuario_02,-
case_110,2026-03-02 16:48:29,FileCreate,usuario_02,-
case_110,2026-03-02 16:49:15,FileCreate,usuario_02,\Device\Pipe
case_110,2026-03-02 16:52:04,NetworkConnect,usuario_02,D:\backup
case_110,2026-03-02 16:58:41,ImageLoad,usuario_02,-
case_110,2026-03-02 16:59:14,FileRead,usuario_02,\\fileserver\rh
case_110,2026-03-02 17:03:42,ProcessCreate,usuario_02,\Users\Public
case_110,2026-03-02 17:05:06,FileRead,usuario_02,update.microsoft.com
case_110,2026-03-02 17:06:05,ServiceQuery,usuario_02,D:\backup
case_110,2026-03-02 17:08:47,RegistryModify,usuario_02,\\fileserver\rh
case_110,2026-03-02 17:10:14,FileModify,usuario_02,-
case_110,2026-03-02 17:12:57,FileRead,usuario_02,\\fileserver\rh
case_110,2026-03-02 17:15:28,FileRead,usuario_02,\Windows\System32
case_110,2026-03-02 17:22:07,PipeCreate,usuario_02,\Users\Public
case_110,2026-03-02 17:27:36,FileModify,usuario_02,C:\temp
case_110,2026-03-02 17:32:58,WmiQuery,usuario_02,\Users\Documents
case_110,2026-03-02 17:34:35,LogonOff,usuario_02,\Device\Pipe
case_130,2026-03-06 17:29:54,LogonSuccess,usuario_09,\Users\Documents
case_130,2026-03-06 17:34:22,ProcessExit,usuario_09,D:\backup
case_130,2026-03-06 17:34:52,ProcessCreate,usuario_09,\Windows\System32
case_130,2026-03-06 17:35:54,ImageLoad,usuario_09,\\fileserver\financeiro
case_130,2026-03-06 17:41:22,ImageLoad,usuario_09,\\fileserver\rh
case_130,2026-03-06 17:42:14,ImageLoad,usuario_09,8.8.8.8
case_130,2026-03-06 17:45:40,ProcessExit,usuario_09,\Device\Pipe
case_130,2026-03-06 17:51:36,FileRead,usuario_09,\Users\Public
case_130,2026-03-06 17:55:19,DnsQuery,usuario_09,\Users\Documents
case_130,2026-03-06 17:56:50,DnsQuery,usuario_09,HKLM\Software
case_130,2026-03-06 17:58:07,ServiceQuery,usuario_09,-
case_130,2026-03-06 18:04:43,RegistryModify,usuario_09,update.microsoft.com
case_130,2026-03-06 18:06:04,ServiceQuery,usuario_09,update.microsoft.com
case_130,2026-03-06 18:12:04,RegistryModify,usuario_09,-
case_130,2026-03-06 18:16:52,ServiceQuery,usuario_09,\\fileserver\rh
case_130,2026-03-06 18:21:26,PrintJob,usuario_09,\Users\Public
case_130,2026-03-06 18:23:47,ClipboardCapture,usuario_09,-
case_130,2026-03-06 18:25:09,PipeCreate,usuario_09,D:\backup
case_130,2026-03-06 18:28:09,ClipboardCapture,usuario_09,\\fileserver\financeiro
case_078,2026-03-02 16:59:02,LogonSuccess,usuario_20,HKLM\Software
case_078,2026-03-02 17:02:53,ProcessCreate,usuario_20,\Device\Pipe
case_078,2026-03-02 17:07:35,NetworkConnect,usuario_20,C:\temp
case_078,2026-03-02 17:09:17,ImageLoad,usuario_20,C:\temp
case_078,2026-03-02 17:11:30,ProcessExit,usuario_20,-
case_078,2026-03-02 17:13:59,ImageLoad,usuario_20,HKLM\Software
case_078,2026-03-02 17:15:17,PipeCreate,usuario_20,C:\temp
case_078,2026-03-02 17:21:20,PowerShellExec,usuario_20,D:\backup
case_078,2026-03-02 17:26:30,NetworkConnect,usuario_20,\Windows\System32
case_078,2026-03-02 17:31:31,FileCreate,usuario_20,cdn.contoso.com
case_078,2026-03-02 17:37:21,ServiceQuery,usuario_20,update.microsoft.com
case_078,2026-03-02 17:38:18,ImageLoad,usuario_20,\\fileserver\rh
case_078,2026-03-02 17:44:21,ImageLoad,usuario_20,\Users\Public
case_078,2026-03-02 17:46:49,RegistryModify,usuario_20,\Users\Public
case_078,2026-03-02 17:48:50,ServiceQuery,usuario_20,\Users\Documents
case_078,2026-03-02 17:54:07,FileModify,usuario_20,cdn.contoso.com
case_078,2026-03-02 17:57:16,PrintJob,usuario_20,\\fileserver\financeiro
case_078,2026-03-02 17:58:41,FileRead,usuario_20,\Device\Pipe
case_078,2026-03-02 18:04:36,LogonOff,usuario_20,HKLM\Software
case_068,2026-03-05 10:19:32,LogonSuccess,usuario_03,\Device\Pipe
case_068,2026-03-05 10:21:22,ProcessCreate,usuario_03,\\fileserver\financeiro
case_068,2026-03-05 10:27:06,NetworkConnect,usuario_03,\Windows\System32
case_068,2026-03-05 10:27:28,ProcessExit,usuario_03,cdn.contoso.com
case_068,2026-03-05 10:30:08,ProcessExit,usuario_03,HKLM\Software
case_068,2026-03-05 10:31:54,ImageLoad,usuario_03,-
case_068,2026-03-05 10:33:35,ServiceQuery,usuario_03,cdn.contoso.com
case_068,2026-03-05 10:34:40,ServiceQuery,usuario_03,C:\temp
case_068,2026-03-05 10:40:14,LogonOff,usuario_03,8.8.8.8
case_210,2026-03-03 17:03:58,LogonSuccess,usuario_24,D:\backup
case_210,2026-03-03 17:05:12,ProcessCreate,usuario_24,HKLM\Software
case_210,2026-03-03 17:11:13,NetworkConnect,usuario_24,\\fileserver\rh
case_210,2026-03-03 17:12:45,DnsQuery,usuario_24,\Users\Public
case_210,2026-03-03 17:14:50,ImageLoad,usuario_24,update.microsoft.com
case_210,2026-03-03 17:19:30,ProcessCreate,usuario_24,D:\backup
case_210,2026-03-03 17:21:16,FileCreate,usuario_24,\Windows\System32
case_210,2026-03-03 17:26:42,NetworkConnect,usuario_24,\Windows\System32
case_210,2026-03-03 17:31:38,FileModify,usuario_24,update.microsoft.com
case_210,2026-03-03 17:33:37,DnsQuery,usuario_24,\Windows\System32
case_210,2026-03-03 17:38:07,FileModify,usuario_24,\Windows\System32
case_210,2026-03-03 17:41:36,NetworkConnect,usuario_24,HKLM\Software
case_210,2026-03-03 17:44:20,ServiceQuery,usuario_24,-
case_210,2026-03-03 17:48:18,FileModify,usuario_24,\Users\Documents
case_210,2026-03-03 17:52:25,FileRead,usuario_24,update.microsoft.com
case_210,2026-03-03 17:53:49,FileModify,usuario_24,cdn.contoso.com
case_210,2026-03-03 17:56:40,ClipboardCapture,usuario_24,\Users\Public
case_210,2026-03-03 18:03:06,PrintJob,usuario_24,\Users\Documents
case_210,2026-03-03 18:04:27,ClipboardCapture,usuario_24,cdn.contoso.com
case_210,2026-03-03 18:08:28,WmiQuery,usuario_24,cdn.contoso.com
case_210,2026-03-03 18:11:02,LogonOff,usuario_24,\Users\Public
case_112,2026-03-02 07:12:26,LogonSuccess,usuario_27,-
case_112,2026-03-02 07:13:52,FileCreate,usuario_27,8.8.8.8
case_112,2026-03-02 07:19:48,ProcessCreate,usuario_27,D:\backup
case_112,2026-03-02 07:25:39,ImageLoad,usuario_27,-
case_112,2026-03-02 07:27:33,NetworkConnect,usuario_27,\Users\Public
case_112,2026-03-02 07:33:49,RegistryModify,usuario_27,C:\temp
case_112,2026-03-02 07:36:18,FileRead,usuario_27,\\fileserver\rh
case_112,2026-03-02 07:40:37,FileRead,usuario_27,\Device\Pipe
case_012,2026-03-02 16:37:13,LogonSuccess,usuario_22,\\fileserver\financeiro
case_012,2026-03-02 16:38:08,ProcessExit,usuario_22,update.microsoft.com
case_012,2026-03-02 16:43:59,ProcessExit,usuario_22,\\fileserver\financeiro
case_012,2026-03-02 16:44:25,ProcessCreate,usuario_22,8.8.8.8
case_012,2026-03-02 16:48:55,ProcessExit,usuario_22,\Users\Public
case_012,2026-03-02 16:52:56,NetworkConnect,usuario_22,\\fileserver\financeiro
case_012,2026-03-02 16:58:41,RegistryModify,usuario_22,cdn.contoso.com
case_012,2026-03-02 17:05:03,RegistryModify,usuario_22,C:\temp
case_012,2026-03-02 17:09:05,FileModify,usuario_22,C:\temp
case_012,2026-03-02 17:15:40,PipeCreate,usuario_22,update.microsoft.com
case_012,2026-03-02 17:21:33,PowerShellExec,usuario_22,\\fileserver\rh
case_012,2026-03-02 17:27:08,FileRead,usuario_22,D:\backup
case_012,2026-03-02 17:32:03,WmiQuery,usuario_22,D:\backup
case_012,2026-03-02 17:36:30,DriverLoad,usuario_22,cdn.contoso.com
case_012,2026-03-02 17:40:33,LogonOff,usuario_22,\Users\Documents
case_247,2026-03-06 13:36:47,LogonSuccess,usuario_21,D:\backup
case_247,2026-03-06 13:42:16,ImageLoad,usuario_21,HKLM\Software
case_247,2026-03-06 13:48:44,NetworkConnect,usuario_21,\\fileserver\financeiro
case_247,2026-03-06 13:55:11,NetworkConnect,usuario_21,\Users\Documents
case_247,2026-03-06 14:01:01,NetworkConnect,usuario_21,update.microsoft.com
case_247,2026-03-06 14:03:15,RegistryModify,usuario_21,cdn.contoso.com
case_247,2026-03-06 14:05:52,ClipboardCapture,usuario_21,-
case_247,2026-03-06 14:06:39,PowerShellExec,usuario_21,cdn.contoso.com
case_247,2026-03-06 14:12:15,WmiQuery,usuario_21,cdn.contoso.com
case_247,2026-03-06 14:16:49,RemoteThread,usuario_21,-
case_247,2026-03-06 14:20:52,PrintJob,usuario_21,\Users\Public
case_247,2026-03-06 14:22:39,LogonOff,usuario_21,\Windows\System32
case_245,2026-03-06 18:28:45,LogonSuccess,usuario_12,cdn.contoso.com
case_245,2026-03-06 18:29:50,DnsQuery,usuario_12,\\fileserver\financeiro
case_245,2026-03-06 18:33:10,DnsQuery,usuario_12,-
case_245,2026-03-06 18:38:05,ProcessCreate,usuario_12,\Users\Documents
case_245,2026-03-06 18:40:21,ImageLoad,usuario_12,\\fileserver\financeiro
case_245,2026-03-06 18:43:17,NetworkConnect,usuario_12,\Users\Public
case_245,2026-03-06 18:49:46,FileModify,usuario_12,\Users\Public
case_245,2026-03-06 18:55:33,ImageLoad,usuario_12,8.8.8.8
case_245,2026-03-06 18:58:33,DnsQuery,usuario_12,-
case_245,2026-03-06 19:03:07,DnsQuery,usuario_12,\Device\Pipe
case_245,2026-03-06 19:05:02,ProcessCreate,usuario_12,D:\backup
case_245,2026-03-06 19:08:37,ProcessExit,usuario_12,HKLM\Software
case_245,2026-03-06 19:11:12,DnsQuery,usuario_12,\Users\Documents
case_245,2026-03-06 19:15:40,ServiceQuery,usuario_12,\\fileserver\financeiro
case_245,2026-03-06 19:18:52,PowerShellExec,usuario_12,D:\backup
case_245,2026-03-06 19:22:56,RegistryModify,usuario_12,\\fileserver\financeiro
case_245,2026-03-06 19:24:37,FileRead,usuario_12,C:\temp
case_245,2026-03-06 19:27:42,FileRead,usuario_12,\Windows\System32
case_245,2026-03-06 19:28:59,PowerShellExec,usuario_12,HKLM\Software
case_245,2026-03-06 19:34:16,ClipboardCapture,usuario_12,\\fileserver\rh
case_245,2026-03-06 19:38:55,RegistryModify,usuario_12,\Users\Documents
case_245,2026-03-06 19:44:43,LogonOff,usuario_12,update.microsoft.com
case_224,2026-03-02 17:25:38,LogonSuccess,usuario_27,D:\backup
case_224,2026-03-02 17:29:48,ProcessExit,usuario_27,update.microsoft.com
case_224,2026-03-02 17:33:18,DnsQuery,usuario_27,D:\backup
case_224,2026-03-02 17:37:40,ProcessExit,usuario_27,\Users\Documents
case_224,2026-03-02 17:40:51,NetworkConnect,usuario_27,update.microsoft.com
case_224,2026-03-02 17:44:17,ImageLoad,usuario_27,\Users\Public
case_224,2026-03-02 17:46:08,ImageLoad,usuario_27,8.8.8.8
case_224,2026-03-02 17:51:00,DnsQuery,usuario_27,D:\backup
case_224,2026-03-02 17:54:36,ProcessExit,usuario_27,\Device\Pipe
case_224,2026-03-02 17:55:36,FileCreate,usuario_27,C:\temp
case_224,2026-03-02 17:55:59,ProcessCreate,usuario_27,\\fileserver\financeiro
case_224,2026-03-02 18:02:21,ImageLoad,usuario_27,-
case_224,2026-03-02 18:04:53,NetworkConnect,usuario_27,HKLM\Software
case_224,2026-03-02 18:09:36,FileRead,usuario_27,-
case_224,2026-03-02 18:16:08,FileCreate,usuario_27,cdn.contoso.com
case_224,2026-03-02 18:20:10,FileCreate,usuario_27,\Windows\System32
case_224,2026-03-02 18:24:27,ProcessCreate,usuario_27,\\fileserver\rh
case_224,2026-03-02 18:25:07,ProcessCreate,usuario_27,\Users\Public
case_224,2026-03-02 18:29:37,WmiQuery,usuario_27,cdn.contoso.com
case_037,2026-03-05 10:39:12,LogonSuccess,usuario_09,cdn.contoso.com
case_037,2026-03-05 10:41:07,FileCreate,usuario_09,\Users\Documents
case_037,2026-03-05 10:43:55,ProcessExit,usuario_09,\Windows\System32
case_037,2026-03-05 10:44:19,ProcessCreate,usuario_09,\\fileserver\rh
case_037,2026-03-05 10:49:29,ImageLoad,usuario_09,-
case_037,2026-03-05 10:50:43,DnsQuery,usuario_09,\\fileserver\financeiro
case_037,2026-03-05 10:53:28,ProcessCreate,usuario_09,cdn.contoso.com
case_037,2026-03-05 10:59:16,PipeCreate,usuario_09,update.microsoft.com
case_037,2026-03-05 11:04:04,FileModify,usuario_09,cdn.contoso.com
case_037,2026-03-05 11:05:32,ProcessCreate,usuario_09,update.microsoft.com
case_037,2026-03-05 11:09:51,FileCreate,usuario_09,\\fileserver\rh
case_037,2026-03-05 11:11:49,DnsQuery,usuario_09,D:\backup
case_037,2026-03-05 11:13:06,FileModify,usuario_09,\\fileserver\financeiro
case_037,2026-03-05 11:14:49,RegistryModify,usuario_09,\Users\Documents
case_037,2026-03-05 11:19:03,FileRead,usuario_09,\Device\Pipe
case_037,2026-03-05 11:21:34,FileRead,usuario_09,\Users\Documents
case_037,2026-03-05 11:23:29,RegistryModify,usuario_09,\Windows\System32
case_037,2026-03-05 11:30:06,FileModify,usuario_09,\\fileserver\financeiro
case_037,2026-03-05 11:32:57,PrintJob,usuario_09,-
case_037,2026-03-05 11:39:02,PrintJob,usuario_09,D:\backup
case_037,2026-03-05 11:41:00,LogonOff,usuario_09,C:\temp
case_004,2026-03-02 17:40:19,LogonSuccess,usuario_17,\\fileserver\financeiro
case_004,2026-03-02 17:40:49,FileCreate,usuario_17,-
case_004,2026-03-02 17:45:52,ProcessCreate,usuario_17,HKLM\Software
case_004,2026-03-02 17:51:13,FileCreate,usuario_17,HKLM\Software
case_004,2026-03-02 17:51:36,ImageLoad,usuario_17,\Users\Public
case_004,2026-03-02 17:57:58,NetworkConnect,usuario_17,\Device\Pipe
case_004,2026-03-02 17:58:48,FileCreate,usuario_17,HKLM\Software
case_004,2026-03-02 17:59:42,ProcessCreate,usuario_17,\Windows\System32
case_004,2026-03-02 18:02:51,ProcessExit,usuario_17,\Users\Public
case_004,2026-03-02 18:07:34,FileRead,usuario_17,HKLM\Software
case_004,2026-03-02 18:10:16,PipeCreate,usuario_17,\Device\Pipe
case_004,2026-03-02 18:14:44,ProcessCreate,usuario_17,HKLM\Software
case_004,2026-03-02 18:19:40,PowerShellExec,usuario_17,C:\temp
case_004,2026-03-02 18:26:10,ProcessCreate,usuario_17,-
case_004,2026-03-02 18:31:25,PipeCreate,usuario_17,cdn.contoso.com
case_004,2026-03-02 18:33:49,FileModify,usuario_17,D:\backup
case_004,2026-03-02 18:38:11,WmiQuery,usuario_17,D:\backup
case_004,2026-03-02 18:41:59,PrintJob,usuario_17,HKLM\Software
case_004,2026-03-02 18:43:07,ScheduledTaskQuery,usuario_17,\Users\Public
case_004,2026-03-02 18:49:04,ScheduledTaskQuery,usuario_17,8.8.8.8
case_004,2026-03-02 18:52:25,LogonOff,usuario_17,8.8.8.8
case_003,2026-03-03 11:31:08,LogonSuccess,usuario_15,update.microsoft.com
case_003,2026-03-03 11:31:33,DnsQuery,usuario_15,\Device\Pipe
case_003,2026-03-03 11:38:02,FileCreate,usuario_15,\Users\Public
case_003,2026-03-03 11:44:11,ProcessExit,usuario_15,update.microsoft.com
case_003,2026-03-03 11:46:47,NetworkConnect,usuario_15,D:\backup
case_003,2026-03-03 11:52:35,FileCreate,usuario_15,\\fileserver\financeiro
case_003,2026-03-03 11:53:52,RegistryModify,usuario_15,\\fileserver\rh
case_003,2026-03-03 11:57:54,FileModify,usuario_15,C:\temp
case_003,2026-03-03 12:02:06,RegistryModify,usuario_15,\Windows\System32
case_003,2026-03-03 12:08:35,ScreenCapture,usuario_15,\Users\Documents
case_003,2026-03-03 12:11:09,LogonOff,usuario_15,update.microsoft.com
case_053,2026-03-03 14:19:41,LogonSuccess,usuario_25,\Users\Public
case_053,2026-03-03 14:20:53,ImageLoad,usuario_25,\\fileserver\financeiro
case_053,2026-03-03 14:24:21,ProcessCreate,usuario_25,\\fileserver\rh
case_053,2026-03-03 14:25:51,ProcessExit,usuario_25,8.8.8.8
case_053,2026-03-03 14:27:19,FileRead,usuario_25,\Device\Pipe
case_053,2026-03-03 14:33:25,ProcessCreate,usuario_25,C:\temp
case_053,2026-03-03 14:34:20,FileCreate,usuario_25,update.microsoft.com
case_053,2026-03-03 14:39:28,RegistryModify,usuario_25,\Windows\System32
case_053,2026-03-03 14:45:00,LogonOff,usuario_25,\Device\Pipe
case_141,2026-03-06 17:24:50,LogonSuccess,usuario_04,\\fileserver\financeiro
case_141,2026-03-06 17:25:25,FileCreate,usuario_04,cdn.contoso.com
case_141,2026-03-06 17:26:59,ProcessCreate,usuario_04,D:\backup
case_141,2026-03-06 17:27:24,ImageLoad,usuario_04,\Users\Documents
case_141,2026-03-06 17:32:08,ProcessExit,usuario_04,\Users\Public
case_141,2026-03-06 17:33:11,ProcessCreate,usuario_04,\\fileserver\financeiro
case_141,2026-03-06 17:36:12,DnsQuery,usuario_04,8.8.8.8
case_141,2026-03-06 17:37:56,DnsQuery,usuario_04,8.8.8.8
case_141,2026-03-06 17:38:47,ProcessExit,usuario_04,8.8.8.8
case_141,2026-03-06 17:39:25,NetworkConnect,usuario_04,\Device\Pipe
case_141,2026-03-06 17:45:13,ProcessCreate,usuario_04,C:\temp
case_141,2026-03-06 17:50:27,DnsQuery,usuario_04,\Windows\System32
case_141,2026-03-06 17:56:10,FileRead,usuario_04,\Users\Documents
case_141,2026-03-06 18:02:08,PowerShellExec,usuario_04,update.microsoft.com
case_141,2026-03-06 18:04:59,ServiceQuery,usuario_04,8.8.8.8
case_141,2026-03-06 18:08:44,FileRead,usuario_04,\Device\Pipe
case_141,2026-03-06 18:15:02,RegistryModify,usuario_04,update.microsoft.com
case_141,2026-03-06 18:17:57,ScheduledTaskQuery,usuario_04,\Users\Documents
case_141,2026-03-06 18:24:37,ClipboardCapture,usuario_04,\\fileserver\financeiro
case_141,2026-03-06 18:27:53,WmiQuery,usuario_04,\Windows\System32
case_141,2026-03-06 18:30:36,LogonOff,usuario_04,update.microsoft.com
case_079,2026-03-06 08:11:57,LogonSuccess,usuario_10,\\fileserver\financeiro
case_079,2026-03-06 08:14:53,NetworkConnect,usuario_10,cdn.contoso.com
case_079,2026-03-06 08:19:55,NetworkConnect,usuario_10,\Users\Public
case_079,2026-03-06 08:21:44,DnsQuery,usuario_10,\Device\Pipe
case_079,2026-03-06 08:27:14,NetworkConnect,usuario_10,\Users\Public
case_079,2026-03-06 08:29:57,ImageLoad,usuario_10,C:\temp
case_079,2026-03-06 08:34:52,DnsQuery,usuario_10,HKLM\Software
case_079,2026-03-06 08:37:26,FileModify,usuario_10,\Users\Documents
case_079,2026-03-06 08:43:06,FileModify,usuario_10,\Users\Public
case_079,2026-03-06 08:49:38,FileModify,usuario_10,\Users\Public
case_079,2026-03-06 08:50:07,LogonOff,usuario_10,update.microsoft.com
case_128,2026-03-06 14:11:17,LogonSuccess,usuario_19,-
case_128,2026-03-06 14:14:10,NetworkConnect,usuario_19,\\fileserver\financeiro
case_128,2026-03-06 14:18:13,NetworkConnect,usuario_19,HKLM\Software
case_128,2026-03-06 14:22:47,FileModify,usuario_19,\Device\Pipe
case_128,2026-03-06 14:23:45,FileModify,usuario_19,update.microsoft.com
case_128,2026-03-06 14:25:54,RegistryModify,usuario_19,\\fileserver\rh
case_128,2026-03-06 14:28:29,RemoteThread,usuario_19,\Windows\System32
case_128,2026-03-06 14:31:21,LogonOff,usuario_19,-
case_283,2026-03-05 03:34:36,LogonSuccess,usuario_24,\Windows\System32
case_283,2026-03-05 03:35:33,DnsQuery,usuario_24,\\fileserver\financeiro
case_283,2026-03-05 03:36:03,RegistryModify,usuario_24,\\fileserver\rh
case_283,2026-03-05 03:36:48,ProcessCreate,usuario_24,cdn.contoso.com
case_283,2026-03-05 03:38:05,FileRead,usuario_24,\\fileserver\financeiro
case_283,2026-03-05 03:39:10,FileRead,usuario_24,\\fileserver\financeiro
case_283,2026-03-05 03:40:40,FileRead,usuario_24,\\fileserver\financeiro
case_283,2026-03-05 03:41:22,FileRead,usuario_24,\\fileserver\financeiro
case_283,2026-03-05 03:42:28,RegistryModify,usuario_24,8.8.8.8
case_283,2026-03-05 03:43:13,ArchiveCreate,usuario_24,\\fileserver\rh
case_283,2026-03-05 03:43:59,ArchiveCreate,usuario_24,-
case_283,2026-03-05 03:45:56,RegistryModify,usuario_24,C:\temp
case_283,2026-03-05 03:46:54,LogonOff,usuario_24,C:\temp
case_094,2026-03-04 10:46:38,LogonSuccess,usuario_02,\Users\Public
case_094,2026-03-04 10:48:23,FileCreate,usuario_02,D:\backup
case_094,2026-03-04 10:50:15,DnsQuery,usuario_02,update.microsoft.com
case_094,2026-03-04 10:54:00,ProcessCreate,usuario_02,update.microsoft.com
case_094,2026-03-04 10:57:12,ProcessCreate,usuario_02,\Device\Pipe
case_094,2026-03-04 10:58:52,ProcessCreate,usuario_02,update.microsoft.com
case_094,2026-03-04 11:04:19,ProcessCreate,usuario_02,cdn.contoso.com
case_094,2026-03-04 11:07:39,ProcessCreate,usuario_02,\\fileserver\financeiro
case_094,2026-03-04 11:12:40,ImageLoad,usuario_02,\\fileserver\financeiro
case_094,2026-03-04 11:16:10,NetworkConnect,usuario_02,8.8.8.8
case_094,2026-03-04 11:21:54,PowerShellExec,usuario_02,8.8.8.8
case_094,2026-03-04 11:28:25,PowerShellExec,usuario_02,\\fileserver\financeiro
case_094,2026-03-04 11:33:56,ImageLoad,usuario_02,HKLM\Software
case_094,2026-03-04 11:39:04,FileModify,usuario_02,update.microsoft.com
case_094,2026-03-04 11:41:13,RegistryModify,usuario_02,8.8.8.8
case_094,2026-03-04 11:46:14,PrintJob,usuario_02,\Users\Documents
case_094,2026-03-04 11:48:44,ScheduledTaskQuery,usuario_02,\\fileserver\financeiro
case_094,2026-03-04 11:52:55,PrintJob,usuario_02,cdn.contoso.com
case_094,2026-03-04 11:56:38,LogonOff,usuario_02,\Windows\System32
case_020,2026-03-06 12:35:58,LogonSuccess,usuario_20,\Device\Pipe
case_020,2026-03-06 12:39:26,ProcessCreate,usuario_20,update.microsoft.com
case_020,2026-03-06 12:45:16,ProcessExit,usuario_20,\\fileserver\financeiro
case_020,2026-03-06 12:46:07,ImageLoad,usuario_20,8.8.8.8
case_020,2026-03-06 12:48:48,ImageLoad,usuario_20,HKLM\Software
case_020,2026-03-06 12:50:10,DnsQuery,usuario_20,cdn.contoso.com
case_020,2026-03-06 12:51:16,ProcessExit,usuario_20,\Device\Pipe
case_020,2026-03-06 12:53:24,ImageLoad,usuario_20,\Device\Pipe
case_020,2026-03-06 12:59:11,ProcessCreate,usuario_20,-
case_020,2026-03-06 12:59:41,DnsQuery,usuario_20,\Windows\System32
case_020,2026-03-06 13:02:51,FileCreate,usuario_20,HKLM\Software
case_020,2026-03-06 13:04:15,PowerShellExec,usuario_20,D:\backup
case_020,2026-03-06 13:09:24,FileRead,usuario_20,HKLM\Software
case_020,2026-03-06 13:10:19,ScheduledTaskQuery,usuario_20,D:\backup
case_020,2026-03-06 13:15:22,WmiQuery,usuario_20,HKLM\Software
case_020,2026-03-06 13:20:42,ClipboardCapture,usuario_20,HKLM\Software
case_106,2026-03-06 15:46:06,LogonSuccess,usuario_20,\Device\Pipe
case_106,2026-03-06 15:52:19,ImageLoad,usuario_20,\Users\Documents
case_106,2026-03-06 15:56:27,ProcessExit,usuario_20,-
case_106,2026-03-06 15:59:49,NetworkConnect,usuario_20,\\fileserver\rh
case_106,2026-03-06 16:02:59,FileCreate,usuario_20,HKLM\Software
case_106,2026-03-06 16:09:24,PowerShellExec,usuario_20,D:\backup
case_106,2026-03-06 16:15:27,FileModify,usuario_20,D:\backup
case_106,2026-03-06 16:20:20,FileModify,usuario_20,\Users\Public
case_106,2026-03-06 16:24:38,ScheduledTaskQuery,usuario_20,-
case_106,2026-03-06 16:26:05,WmiQuery,usuario_20,\Users\Public
case_106,2026-03-06 16:32:22,LogonOff,usuario_20,cdn.contoso.com
case_163,2026-03-04 07:24:14,LogonSuccess,usuario_21,8.8.8.8
case_163,2026-03-04 07:25:59,ImageLoad,usuario_21,cdn.contoso.com
case_163,2026-03-04 07:30:04,NetworkConnect,usuario_21,8.8.8.8
case_163,2026-03-04 07:34:42,FileCreate,usuario_21,-
case_163,2026-03-04 07:41:18,ImageLoad,usuario_21,8.8.8.8
case_163,2026-03-04 07:42:57,ProcessCreate,usuario_21,D:\backup
case_163,2026-03-04 07:47:23,ProcessExit,usuario_21,\Windows\System32
case_163,2026-03-04 07:50:58,ProcessCreate,usuario_21,8.8.8.8
case_163,2026-03-04 07:52:00,RegistryModify,usuario_21,D:\backup
case_163,2026-03-04 07:54:53,ProcessCreate,usuario_21,-
case_163,2026-03-04 07:59:48,FileCreate,usuario_21,C:\temp
case_163,2026-03-04 08:04:51,FileRead,usuario_21,\Users\Documents
case_163,2026-03-04 08:06:40,PowerShellExec,usuario_21,\\fileserver\rh
case_163,2026-03-04 08:10:14,RegistryModify,usuario_21,cdn.contoso.com
case_163,2026-03-04 08:13:10,ScheduledTaskQuery,usuario_21,cdn.contoso.com
case_163,2026-03-04 08:15:55,WmiQuery,usuario_21,8.8.8.8
case_163,2026-03-04 08:21:02,PrintJob,usuario_21,-
case_163,2026-03-04 08:25:28,PrintJob,usuario_21,\Users\Public
case_163,2026-03-04 08:28:38,ScreenCapture,usuario_21,C:\temp
case_163,2026-03-04 08:35:04,ScreenCapture,usuario_21,cdn.contoso.com
case_163,2026-03-04 08:37:04,LogonOff,usuario_21,C:\temp
case_250,2026-03-03 14:35:01,LogonSuccess,usuario_17,D:\backup
case_250,2026-03-03 14:40:58,NetworkConnect,usuario_17,\Users\Documents
case_250,2026-03-03 14:46:20,FileCreate,usuario_17,\Users\Public
case_250,2026-03-03 14:51:06,FileCreate,usuario_17,\Users\Public
case_250,2026-03-03 14:57:05,NetworkConnect,usuario_17,\Device\Pipe
case_250,2026-03-03 15:00:09,ProcessExit,usuario_17,update.microsoft.com
case_250,2026-03-03 15:05:17,ImageLoad,usuario_17,-
case_250,2026-03-03 15:11:36,FileCreate,usuario_17,update.microsoft.com
case_250,2026-03-03 15:16:23,ProcessCreate,usuario_17,8.8.8.8
case_250,2026-03-03 15:21:22,FileModify,usuario_17,\Device\Pipe
case_250,2026-03-03 15:23:24,PowerShellExec,usuario_17,\\fileserver\rh
case_250,2026-03-03 15:26:28,WmiQuery,usuario_17,C:\temp
case_250,2026-03-03 15:30:37,WmiQuery,usuario_17,D:\backup
case_250,2026-03-03 15:32:38,ClipboardCapture,usuario_17,\\fileserver\rh
case_250,2026-03-03 15:38:18,PrintJob,usuario_17,8.8.8.8
case_250,2026-03-03 15:42:04,ScreenCapture,usuario_17,8.8.8.8
case_250,2026-03-03 15:45:37,LogonOff,usuario_17,\Users\Public
case_269,2026-03-02 18:51:19,LogonSuccess,usuario_30,\\fileserver\financeiro
case_269,2026-03-02 18:53:25,ImageLoad,usuario_30,\\fileserver\rh
case_269,2026-03-02 18:57:24,ImageLoad,usuario_30,-
case_269,2026-03-02 19:02:45,ImageLoad,usuario_30,cdn.contoso.com
case_269,2026-03-02 19:08:30,ProcessCreate,usuario_30,-
case_269,2026-03-02 19:13:53,ImageLoad,usuario_30,\Windows\System32
case_269,2026-03-02 19:20:00,ProcessExit,usuario_30,cdn.contoso.com
case_269,2026-03-02 19:20:36,FileRead,usuario_30,cdn.contoso.com
case_269,2026-03-02 19:23:39,PipeCreate,usuario_30,\\fileserver\financeiro
case_269,2026-03-02 19:24:14,WmiQuery,usuario_30,\\fileserver\rh
case_269,2026-03-02 19:30:32,LogonOff,usuario_30,cdn.contoso.com
case_098,2026-03-02 07:19:18,LogonSuccess,usuario_12,\Device\Pipe
case_098,2026-03-02 07:25:29,FileCreate,usuario_12,HKLM\Software
case_098,2026-03-02 07:29:22,FileCreate,usuario_12,HKLM\Software
case_098,2026-03-02 07:34:35,ProcessCreate,usuario_12,C:\temp
case_098,2026-03-02 07:38:33,NetworkConnect,usuario_12,\\fileserver\rh
case_098,2026-03-02 07:44:02,ProcessCreate,usuario_12,\\fileserver\financeiro
case_098,2026-03-02 07:48:11,ImageLoad,usuario_12,update.microsoft.com
case_098,2026-03-02 07:49:38,ProcessCreate,usuario_12,HKLM\Software
case_098,2026-03-02 07:55:32,FileModify,usuario_12,C:\temp
case_098,2026-03-02 08:00:49,FileCreate,usuario_12,update.microsoft.com
case_098,2026-03-02 08:06:59,ProcessExit,usuario_12,D:\backup
case_098,2026-03-02 08:09:02,RegistryModify,usuario_12,C:\temp
case_098,2026-03-02 08:12:00,FileModify,usuario_12,\Users\Documents
case_098,2026-03-02 08:18:21,RegistryModify,usuario_12,update.microsoft.com
case_098,2026-03-02 08:19:50,RegistryModify,usuario_12,8.8.8.8
case_098,2026-03-02 08:21:24,ClipboardCapture,usuario_12,\Device\Pipe
case_098,2026-03-02 08:26:33,RemoteThread,usuario_12,C:\temp
case_098,2026-03-02 08:29:35,PrintJob,usuario_12,\Users\Public
case_098,2026-03-02 08:34:40,ScheduledTaskQuery,usuario_12,update.microsoft.com
case_098,2026-03-02 08:41:08,DriverLoad,usuario_12,\Users\Public
case_098,2026-03-02 08:43:02,LogonOff,usuario_12,\\fileserver\financeiro
case_284,2026-03-06 03:12:54,LogonSuccess,usuario_11,\\fileserver\financeiro
case_284,2026-03-06 03:14:35,DnsQuery,usuario_11,\Device\Pipe
case_284,2026-03-06 03:16:35,ProcessCreate,usuario_11,\Users\Documents
case_284,2026-03-06 03:17:35,ProcessCreate,usuario_11,\Device\Pipe
case_284,2026-03-06 03:19:03,RegistryModify,usuario_11,\Users\Public
case_284,2026-03-06 03:19:23,FileRead,usuario_11,\\fileserver\financeiro
case_284,2026-03-06 03:19:59,FileRead,usuario_11,\\fileserver\financeiro
case_284,2026-03-06 03:20:53,ImageLoad,usuario_11,\\fileserver\financeiro
case_284,2026-03-06 03:21:20,FileRead,usuario_11,\\fileserver\financeiro
case_284,2026-03-06 03:21:39,FileRead,usuario_11,\\fileserver\financeiro
case_284,2026-03-06 03:23:08,ImageLoad,usuario_11,\Users\Public
case_284,2026-03-06 03:23:28,ArchiveCreate,usuario_11,-
case_284,2026-03-06 03:23:43,NetworkConnect,usuario_11,HKLM\Software
case_284,2026-03-06 03:25:39,ArchiveCreate,usuario_11,C:\temp
case_284,2026-03-06 03:26:44,LogonOff,usuario_11,cdn.contoso.com
case_270,2026-03-06 08:40:27,LogonSuccess,usuario_25,update.microsoft.com
case_270,2026-03-06 08:46:21,ImageLoad,usuario_25,\Users\Documents
case_270,2026-03-06 08:47:05,ProcessCreate,usuario_25,\\fileserver\rh
case_270,2026-03-06 08:52:24,NetworkConnect,usuario_25,\Users\Public
case_270,2026-03-06 08:58:41,NetworkConnect,usuario_25,update.microsoft.com
case_270,2026-03-06 09:03:12,NetworkConnect,usuario_25,C:\temp
case_270,2026-03-06 09:07:23,ImageLoad,usuario_25,\\fileserver\rh
case_270,2026-03-06 09:09:06,ProcessCreate,usuario_25,\Windows\System32
case_270,2026-03-06 09:11:54,ProcessCreate,usuario_25,-
case_270,2026-03-06 09:15:03,FileRead,usuario_25,8.8.8.8
case_270,2026-03-06 09:16:19,PipeCreate,usuario_25,\Device\Pipe
case_270,2026-03-06 09:17:58,PowerShellExec,usuario_25,\Users\Public
case_270,2026-03-06 09:19:59,FileRead,usuario_25,cdn.contoso.com
case_270,2026-03-06 09:24:27,FileModify,usuario_25,HKLM\Software
case_270,2026-03-06 09:24:49,WmiQuery,usuario_25,8.8.8.8
case_270,2026-03-06 09:30:43,ScheduledTaskQuery,usuario_25,C:\temp
case_270,2026-03-06 09:34:15,WmiQuery,usuario_25,\Windows\System32
case_270,2026-03-06 09:37:09,ScreenCapture,usuario_25,C:\temp
case_270,2026-03-06 09:39:23,LogonOff,usuario_25,\\fileserver\financeiro
case_077,2026-03-02 12:57:14,LogonSuccess,usuario_13,8.8.8.8
case_077,2026-03-02 12:58:27,NetworkConnect,usuario_13,HKLM\Software
case_077,2026-03-02 13:03:22,NetworkConnect,usuario_13,\Users\Documents
case_077,2026-03-02 13:10:01,FileCreate,usuario_13,D:\backup
case_077,2026-03-02 13:14:03,ImageLoad,usuario_13,\Device\Pipe
case_077,2026-03-02 13:14:59,DnsQuery,usuario_13,\Users\Documents
case_077,2026-03-02 13:21:10,NetworkConnect,usuario_13,C:\temp
case_077,2026-03-02 13:21:42,FileRead,usuario_13,cdn.contoso.com
case_077,2026-03-02 13:28:09,FileModify,usuario_13,\\fileserver\financeiro
case_077,2026-03-02 13:28:48,ProcessCreate,usuario_13,\Users\Public
case_077,2026-03-02 13:29:45,FileRead,usuario_13,\Windows\System32
case_077,2026-03-02 13:31:36,ImageLoad,usuario_13,D:\backup
case_077,2026-03-02 13:34:04,PowerShellExec,usuario_13,update.microsoft.com
case_077,2026-03-02 13:35:00,RemoteThread,usuario_13,-
case_077,2026-03-02 13:37:16,PipeCreate,usuario_13,\\fileserver\rh
case_077,2026-03-02 13:41:04,FileRead,usuario_13,8.8.8.8
case_077,2026-03-02 13:45:14,WmiQuery,usuario_13,\Device\Pipe
case_077,2026-03-02 13:49:01,ClipboardCapture,usuario_13,8.8.8.8
case_077,2026-03-02 13:52:02,WmiQuery,usuario_13,\Windows\System32
case_077,2026-03-02 13:55:41,ClipboardCapture,usuario_13,\Device\Pipe
case_077,2026-03-02 13:57:01,ScreenCapture,usuario_13,update.microsoft.com
case_077,2026-03-02 13:57:24,LogonOff,usuario_13,\Device\Pipe
case_015,2026-03-02 16:17:14,LogonSuccess,usuario_14,-
case_015,2026-03-02 16:21:17,DnsQuery,usuario_14,\Device\Pipe
case_015,2026-03-02 16:25:48,ProcessCreate,usuario_14,\Users\Public
case_015,2026-03-02 16:30:08,FileCreate,usuario_14,\\fileserver\financeiro
case_015,2026-03-02 16:33:57,DnsQuery,usuario_14,\\fileserver\financeiro
case_015,2026-03-02 16:37:01,DnsQuery,usuario_14,\Device\Pipe
case_015,2026-03-02 16:38:14,ProcessExit,usuario_14,C:\temp
case_015,2026-03-02 16:41:22,ImageLoad,usuario_14,8.8.8.8
case_015,2026-03-02 16:47:37,ImageLoad,usuario_14,cdn.contoso.com
case_015,2026-03-02 16:50:24,DnsQuery,usuario_14,\Device\Pipe
case_015,2026-03-02 16:54:09,ImageLoad,usuario_14,D:\backup
case_015,2026-03-02 16:59:10,ProcessExit,usuario_14,\Windows\System32
case_015,2026-03-02 17:03:22,PipeCreate,usuario_14,\Users\Public
case_015,2026-03-02 17:06:23,FileModify,usuario_14,\\fileserver\rh
case_015,2026-03-02 17:09:28,FileModify,usuario_14,\Users\Public
case_015,2026-03-02 17:13:14,PowerShellExec,usuario_14,update.microsoft.com
case_015,2026-03-02 17:13:34,PrintJob,usuario_14,\Device\Pipe
case_015,2026-03-02 17:18:31,LogonOff,usuario_14,cdn.contoso.com
case_028,2026-03-03 11:58:27,LogonSuccess,usuario_08,\Device\Pipe
case_028,2026-03-03 12:02:05,DnsQuery,usuario_08,\\fileserver\financeiro
case_028,2026-03-03 12:04:34,ImageLoad,usuario_08,\Users\Documents
case_028,2026-03-03 12:05:02,ProcessCreate,usuario_08,\\fileserver\financeiro
case_028,2026-03-03 12:05:56,FileModify,usuario_08,\\fileserver\financeiro
case_028,2026-03-03 12:08:19,FileRead,usuario_08,\Users\Documents
case_028,2026-03-03 12:14:15,DriverLoad,usuario_08,\Device\Pipe
case_028,2026-03-03 12:15:28,LogonOff,usuario_08,D:\backup
case_181,2026-03-04 15:10:09,LogonSuccess,usuario_10,\Users\Public
case_181,2026-03-04 15:14:40,ProcessCreate,usuario_10,C:\temp
case_181,2026-03-04 15:15:56,ImageLoad,usuario_10,HKLM\Software
case_181,2026-03-04 15:17:08,ProcessExit,usuario_10,\\fileserver\rh
case_181,2026-03-04 15:20:30,ProcessCreate,usuario_10,\Users\Public
case_181,2026-03-04 15:26:05,FileRead,usuario_10,\\fileserver\financeiro
case_181,2026-03-04 15:27:25,PowerShellExec,usuario_10,\\fileserver\financeiro
case_181,2026-03-04 15:28:28,FileCreate,usuario_10,\Windows\System32
case_181,2026-03-04 15:33:57,ServiceQuery,usuario_10,C:\temp
case_181,2026-03-04 15:35:48,RegistryModify,usuario_10,8.8.8.8
case_181,2026-03-04 15:40:39,LogonOff,usuario_10,\\fileserver\financeiro
case_076,2026-03-06 07:33:22,LogonSuccess,usuario_07,\\fileserver\rh
case_076,2026-03-06 07:38:26,NetworkConnect,usuario_07,\\fileserver\rh
case_076,2026-03-06 07:39:52,DnsQuery,usuario_07,C:\temp
case_076,2026-03-06 07:45:11,ImageLoad,usuario_07,\\fileserver\rh
case_076,2026-03-06 07:45:33,FileCreate,usuario_07,\\fileserver\financeiro
case_076,2026-03-06 07:49:51,DnsQuery,usuario_07,\Users\Documents
case_076,2026-03-06 07:51:30,NetworkConnect,usuario_07,\Windows\System32
case_076,2026-03-06 07:53:08,ProcessCreate,usuario_07,\\fileserver\financeiro
case_076,2026-03-06 07:58:33,ProcessCreate,usuario_07,\Windows\System32
case_076,2026-03-06 08:04:13,FileRead,usuario_07,-
case_076,2026-03-06 08:10:11,RegistryModify,usuario_07,\\fileserver\rh
case_076,2026-03-06 08:14:42,RegistryModify,usuario_07,D:\backup
case_076,2026-03-06 08:19:55,FileModify,usuario_07,update.microsoft.com
case_076,2026-03-06 08:23:18,PipeCreate,usuario_07,\Users\Public
case_076,2026-03-06 08:29:40,FileRead,usuario_07,\\fileserver\financeiro
case_076,2026-03-06 08:34:29,RegistryModify,usuario_07,HKLM\Software
case_076,2026-03-06 08:36:23,FileRead,usuario_07,update.microsoft.com
case_076,2026-03-06 08:37:17,FileModify,usuario_07,D:\backup
case_076,2026-03-06 08:41:55,PipeCreate,usuario_07,C:\temp
case_076,2026-03-06 08:45:47,DriverLoad,usuario_07,update.microsoft.com
case_109,2026-03-05 18:59:37,LogonSuccess,usuario_08,\Users\Documents
case_109,2026-03-05 19:05:06,DnsQuery,usuario_08,8.8.8.8
case_109,2026-03-05 19:10:45,NetworkConnect,usuario_08,C:\temp
case_109,2026-03-05 19:14:57,ImageLoad,usuario_08,update.microsoft.com
case_109,2026-03-05 19:18:54,DnsQuery,usuario_08,update.microsoft.com
case_109,2026-03-05 19:23:04,ProcessExit,usuario_08,8.8.8.8
case_109,2026-03-05 19:26:25,DnsQuery,usuario_08,HKLM\Software
case_109,2026-03-05 19:28:20,RegistryModify,usuario_08,8.8.8.8
case_109,2026-03-05 19:33:49,ServiceQuery,usuario_08,\Windows\System32
case_109,2026-03-05 19:39:04,ImageLoad,usuario_08,cdn.contoso.com
case_109,2026-03-05 19:45:38,ProcessExit,usuario_08,HKLM\Software
case_109,2026-03-05 19:52:02,FileRead,usuario_08,update.microsoft.com
case_109,2026-03-05 19:54:39,FileModify,usuario_08,8.8.8.8
case_109,2026-03-05 19:59:38,LogonOff,usuario_08,-
case_138,2026-03-05 12:09:05,LogonSuccess,usuario_23,C:\temp
case_138,2026-03-05 12:15:43,ProcessExit,usuario_23,\Users\Documents
case_138,2026-03-05 12:19:50,FileCreate,usuario_23,cdn.contoso.com
case_138,2026-03-05 12:24:11,ProcessExit,usuario_23,\Windows\System32
case_138,2026-03-05 12:28:21,ProcessExit,usuario_23,-
case_138,2026-03-05 12:30:45,ProcessCreate,usuario_23,HKLM\Software
case_138,2026-03-05 12:33:35,ProcessExit,usuario_23,-
case_138,2026-03-05 12:37:15,RegistryModify,usuario_23,\Windows\System32
case_138,2026-03-05 12:40:25,PowerShellExec,usuario_23,\Windows\System32
case_268,2026-03-04 14:58:22,LogonSuccess,usuario_13,C:\temp
case_268,2026-03-04 15:05:00,FileCreate,usuario_13,HKLM\Software
case_268,2026-03-04 15:11:10,ProcessExit,usuario_13,\Users\Documents
case_268,2026-03-04 15:14:21,NetworkConnect,usuario_13,cdn.contoso.com
case_268,2026-03-04 15:15:40,ProcessCreate,usuario_13,\\fileserver\financeiro
case_268,2026-03-04 15:22:14,DnsQuery,usuario_13,D:\backup
case_268,2026-03-04 15:25:45,FileCreate,usuario_13,update.microsoft.com
case_268,2026-03-04 15:29:27,DnsQuery,usuario_13,update.microsoft.com
case_268,2026-03-04 15:35:23,ImageLoad,usuario_13,8.8.8.8
case_268,2026-03-04 15:37:35,NetworkConnect,usuario_13,-
case_268,2026-03-04 15:40:54,NetworkConnect,usuario_13,\Users\Documents
case_268,2026-03-04 15:44:42,PipeCreate,usuario_13,\Users\Documents
case_268,2026-03-04 15:45:56,FileCreate,usuario_13,HKLM\Software
case_268,2026-03-04 15:51:43,ServiceQuery,usuario_13,\Device\Pipe
case_268,2026-03-04 15:55:55,PipeCreate,usuario_13,C:\temp
case_268,2026-03-04 16:02:10,PowerShellExec,usuario_13,D:\backup
case_268,2026-03-04 16:04:06,FileModify,usuario_13,\Users\Documents
case_268,2026-03-04 16:04:26,ScheduledTaskQuery,usuario_13,D:\backup
case_268,2026-03-04 16:09:04,ServiceQuery,usuario_13,D:\backup
case_268,2026-03-04 16:10:19,LogonOff,usuario_13,cdn.contoso.com
case_258,2026-03-03 08:49:15,LogonSuccess,usuario_26,\\fileserver\financeiro
case_258,2026-03-03 08:55:15,ImageLoad,usuario_26,\Users\Public
case_258,2026-03-03 09:00:48,ProcessCreate,usuario_26,\Users\Public
case_258,2026-03-03 09:01:36,ProcessCreate,usuario_26,\Users\Documents
case_258,2026-03-03 09:03:07,ProcessExit,usuario_26,HKLM\Software
case_258,2026-03-03 09:04:08,ProcessCreate,usuario_26,C:\temp
case_258,2026-03-03 09:05:14,FileModify,usuario_26,\Users\Documents
case_258,2026-03-03 09:06:20,RegistryModify,usuario_26,\Windows\System32
case_258,2026-03-03 09:10:21,LogonOff,usuario_26,D:\backup
case_082,2026-03-02 10:27:33,LogonSuccess,usuario_04,\Users\Documents
case_082,2026-03-02 10:27:56,DnsQuery,usuario_04,-
case_082,2026-03-02 10:32:43,ProcessExit,usuario_04,\Users\Public
case_082,2026-03-02 10:37:29,DnsQuery,usuario_04,\Windows\System32
case_082,2026-03-02 10:41:01,ProcessCreate,usuario_04,\Device\Pipe
case_082,2026-03-02 10:43:06,FileCreate,usuario_04,\Users\Documents
case_082,2026-03-02 10:46:07,FileCreate,usuario_04,8.8.8.8
case_082,2026-03-02 10:49:32,ProcessCreate,usuario_04,\Users\Public
case_082,2026-03-02 10:51:11,FileModify,usuario_04,8.8.8.8
case_082,2026-03-02 10:57:04,FileRead,usuario_04,-
case_082,2026-03-02 10:59:33,PowerShellExec,usuario_04,\\fileserver\rh
case_082,2026-03-02 11:04:27,FileRead,usuario_04,8.8.8.8
case_082,2026-03-02 11:09:36,FileRead,usuario_04,\\fileserver\financeiro
case_082,2026-03-02 11:15:09,PrintJob,usuario_04,\\fileserver\rh
case_082,2026-03-02 11:21:17,PipeCreate,usuario_04,8.8.8.8
case_082,2026-03-02 11:23:21,FileModify,usuario_04,8.8.8.8
case_082,2026-03-02 11:28:23,ClipboardCapture,usuario_04,D:\backup
case_082,2026-03-02 11:33:28,ClipboardCapture,usuario_04,cdn.contoso.com
case_082,2026-03-02 11:35:19,ScheduledTaskQuery,usuario_04,\\fileserver\financeiro
case_082,2026-03-02 11:40:25,ClipboardCapture,usuario_04,update.microsoft.com
case_009,2026-03-02 12:11:18,LogonSuccess,usuario_18,\Windows\System32
case_009,2026-03-02 12:12:01,DnsQuery,usuario_18,HKLM\Software
case_009,2026-03-02 12:16:24,DnsQuery,usuario_18,-
case_009,2026-03-02 12:17:21,DnsQuery,usuario_18,cdn.contoso.com
case_009,2026-03-02 12:21:13,DnsQuery,usuario_18,\Device\Pipe
case_009,2026-03-02 12:26:27,FileModify,usuario_18,HKLM\Software
case_009,2026-03-02 12:32:54,ImageLoad,usuario_18,\Users\Documents
case_009,2026-03-02 12:36:30,PipeCreate,usuario_18,cdn.contoso.com
case_009,2026-03-02 12:40:14,FileRead,usuario_18,HKLM\Software
case_009,2026-03-02 12:41:49,ClipboardCapture,usuario_18,\Device\Pipe
case_009,2026-03-02 12:48:01,LogonOff,usuario_18,\Windows\System32
case_031,2026-03-04 11:15:07,LogonSuccess,usuario_21,cdn.contoso.com
case_031,2026-03-04 11:16:55,ImageLoad,usuario_21,\Users\Documents
case_031,2026-03-04 11:21:02,NetworkConnect,usuario_21,\Users\Public
case_031,2026-03-04 11:27:11,ImageLoad,usuario_21,\\fileserver\financeiro
case_031,2026-03-04 11:33:12,FileCreate,usuario_21,\\fileserver\financeiro
case_031,2026-03-04 11:39:35,RegistryModify,usuario_21,\Users\Public
case_031,2026-03-04 11:44:36,FileModify,usuario_21,update.microsoft.com
case_031,2026-03-04 11:47:24,LogonOff,usuario_21,\\fileserver\rh
case_279,2026-03-02 11:14:10,LogonSuccess,usuario_23,D:\backup
case_279,2026-03-02 11:14:38,DnsQuery,usuario_23,HKLM\Software
case_279,2026-03-02 11:18:40,FileCreate,usuario_23,D:\backup
case_279,2026-03-02 11:24:26,ImageLoad,usuario_23,D:\backup
case_279,2026-03-02 11:26:01,FileCreate,usuario_23,cdn.contoso.com
case_279,2026-03-02 11:31:23,ProcessCreate,usuario_23,D:\backup
case_279,2026-03-02 11:32:54,FileModify,usuario_23,\Device\Pipe
case_279,2026-03-02 11:35:48,PipeCreate,usuario_23,8.8.8.8
case_279,2026-03-02 11:38:13,FileModify,usuario_23,C:\temp
case_279,2026-03-02 11:38:41,FileCreate,usuario_23,HKLM\Software
case_279,2026-03-02 11:42:45,ProcessExit,usuario_23,\\fileserver\rh
case_279,2026-03-02 11:47:14,PipeCreate,usuario_23,8.8.8.8
case_279,2026-03-02 11:51:32,FileModify,usuario_23,\Users\Documents
case_279,2026-03-02 11:55:50,FileRead,usuario_23,\\fileserver\financeiro
case_279,2026-03-02 11:57:54,RemoteThread,usuario_23,cdn.contoso.com
case_279,2026-03-02 11:59:20,RegistryModify,usuario_23,8.8.8.8
case_279,2026-03-02 12:00:06,ScheduledTaskQuery,usuario_23,HKLM\Software
case_279,2026-03-02 12:01:40,LogonOff,usuario_23,\Device\Pipe
case_155,2026-03-03 11:50:11,LogonSuccess,usuario_07,D:\backup
case_155,2026-03-03 11:55:50,ProcessCreate,usuario_07,8.8.8.8
case_155,2026-03-03 12:02:14,ProcessCreate,usuario_07,\Users\Public
case_155,2026-03-03 12:03:34,NetworkConnect,usuario_07,C:\temp
case_155,2026-03-03 12:05:00,FileModify,usuario_07,D:\backup
case_155,2026-03-03 12:06:57,ProcessExit,usuario_07,HKLM\Software
case_155,2026-03-03 12:11:49,ServiceQuery,usuario_07,8.8.8.8
case_155,2026-03-03 12:18:04,RegistryModify,usuario_07,\\fileserver\financeiro
case_155,2026-03-03 12:21:06,ScheduledTaskQuery,usuario_07,-
case_155,2026-03-03 12:25:05,ClipboardCapture,usuario_07,\Device\Pipe
case_155,2026-03-03 12:27:30,LogonOff,usuario_07,\Windows\System32
case_142,2026-03-03 18:57:25,LogonSuccess,usuario_30,\\fileserver\rh
case_142,2026-03-03 19:03:56,DnsQuery,usuario_30,8.8.8.8
case_142,2026-03-03 19:08:34,NetworkConnect,usuario_30,\Users\Public
case_142,2026-03-03 19:15:08,NetworkConnect,usuario_30,\Windows\System32
case_142,2026-03-03 19:18:38,FileCreate,usuario_30,\\fileserver\rh
case_142,2026-03-03 19:24:19,ProcessCreate,usuario_30,update.microsoft.com
case_142,2026-03-03 19:27:40,PowerShellExec,usuario_30,\Users\Public
case_142,2026-03-03 19:28:24,FileRead,usuario_30,D:\backup
case_142,2026-03-03 19:34:17,FileRead,usuario_30,\Users\Public
case_142,2026-03-03 19:38:26,FileModify,usuario_30,\\fileserver\rh
case_142,2026-03-03 19:43:39,PipeCreate,usuario_30,\Users\Documents
case_142,2026-03-03 19:44:01,FileRead,usuario_30,cdn.contoso.com
case_142,2026-03-03 19:47:14,ScheduledTaskQuery,usuario_30,HKLM\Software
case_142,2026-03-03 19:52:31,ScheduledTaskQuery,usuario_30,-
case_142,2026-03-03 19:58:56,LogonOff,usuario_30,\Device\Pipe
case_190,2026-03-03 08:41:45,LogonSuccess,usuario_14,\Users\Public
case_190,2026-03-03 08:43:01,ProcessExit,usuario_14,cdn.contoso.com
case_190,2026-03-03 08:48:26,FileCreate,usuario_14,\Users\Public
case_190,2026-03-03 08:49:40,NetworkConnect,usuario_14,C:\temp
case_190,2026-03-03 08:52:24,ProcessExit,usuario_14,\\fileserver\rh
case_190,2026-03-03 08:54:16,ProcessExit,usuario_14,\Users\Public
case_190,2026-03-03 08:55:15,NetworkConnect,usuario_14,cdn.contoso.com
case_190,2026-03-03 08:58:40,ProcessCreate,usuario_14,HKLM\Software
case_190,2026-03-03 09:02:20,ProcessExit,usuario_14,\Users\Public
case_190,2026-03-03 09:06:51,FileModify,usuario_14,D:\backup
case_190,2026-03-03 09:07:22,FileModify,usuario_14,8.8.8.8
case_190,2026-03-03 09:08:19,ProcessCreate,usuario_14,cdn.contoso.com
case_190,2026-03-03 09:13:59,ProcessCreate,usuario_14,\Users\Public
case_190,2026-03-03 09:16:06,PipeCreate,usuario_14,\Device\Pipe
case_190,2026-03-03 09:20:00,ServiceQuery,usuario_14,8.8.8.8
case_190,2026-03-03 09:23:00,PipeCreate,usuario_14,\Device\Pipe
case_190,2026-03-03 09:27:10,DriverLoad,usuario_14,D:\backup
case_190,2026-03-03 09:28:52,ClipboardCapture,usuario_14,C:\temp
case_190,2026-03-03 09:31:44,FileModify,usuario_14,\Windows\System32
case_190,2026-03-03 09:33:35,LogonOff,usuario_14,\Device\Pipe
case_122,2026-03-04 15:06:55,LogonSuccess,usuario_07,8.8.8.8
case_122,2026-03-04 15:08:46,DnsQuery,usuario_07,cdn.contoso.com
case_122,2026-03-04 15:14:58,ProcessCreate,usuario_07,\Device\Pipe
case_122,2026-03-04 15:17:23,ProcessCreate,usuario_07,\Windows\System32
case_122,2026-03-04 15:18:44,ProcessExit,usuario_07,D:\backup
case_122,2026-03-04 15:21:25,DnsQuery,usuario_07,cdn.contoso.com
case_122,2026-03-04 15:22:19,NetworkConnect,usuario_07,-
case_122,2026-03-04 15:25:44,FileModify,usuario_07,-
case_122,2026-03-04 15:30:10,ProcessExit,usuario_07,-
case_122,2026-03-04 15:34:13,RegistryModify,usuario_07,\\fileserver\rh
case_122,2026-03-04 15:39:54,PipeCreate,usuario_07,\Device\Pipe
case_122,2026-03-04 15:44:17,PipeCreate,usuario_07,\Users\Documents
case_122,2026-03-04 15:45:38,ClipboardCapture,usuario_07,\\fileserver\financeiro
case_122,2026-03-04 15:50:20,RemoteThread,usuario_07,\Users\Documents
case_122,2026-03-04 15:55:34,WmiQuery,usuario_07,\Windows\System32
case_122,2026-03-04 15:58:06,LogonOff,usuario_07,C:\temp
case_185,2026-03-06 13:31:30,LogonSuccess,usuario_01,cdn.contoso.com
case_185,2026-03-06 13:32:39,ImageLoad,usuario_01,D:\backup
case_185,2026-03-06 13:33:06,ProcessCreate,usuario_01,C:\temp
case_185,2026-03-06 13:36:04,ProcessCreate,usuario_01,update.microsoft.com
case_185,2026-03-06 13:37:08,FileCreate,usuario_01,cdn.contoso.com
case_185,2026-03-06 13:38:16,ProcessExit,usuario_01,cdn.contoso.com
case_185,2026-03-06 13:41:16,ProcessExit,usuario_01,C:\temp
case_185,2026-03-06 13:44:07,ImageLoad,usuario_01,C:\temp
case_185,2026-03-06 13:45:01,RegistryModify,usuario_01,\\fileserver\rh
case_185,2026-03-06 13:50:16,FileRead,usuario_01,\\fileserver\financeiro
case_185,2026-03-06 13:53:36,FileRead,usuario_01,\Users\Public
case_185,2026-03-06 13:54:32,ServiceQuery,usuario_01,C:\temp
case_185,2026-03-06 14:00:55,FileRead,usuario_01,D:\backup
case_185,2026-03-06 14:05:10,WmiQuery,usuario_01,\\fileserver\rh
case_185,2026-03-06 14:09:32,ScreenCapture,usuario_01,\\fileserver\rh
case_185,2026-03-06 14:13:38,ScreenCapture,usuario_01,\Device\Pipe
case_185,2026-03-06 14:15:09,LogonOff,usuario_01,\Users\Public
case_152,2026-03-04 14:10:34,LogonSuccess,usuario_02,\Users\Public
case_152,2026-03-04 14:16:01,NetworkConnect,usuario_02,-
case_152,2026-03-04 14:20:05,NetworkConnect,usuario_02,D:\backup
case_152,2026-03-04 14:21:13,ProcessCreate,usuario_02,\Device\Pipe
case_152,2026-03-04 14:25:21,NetworkConnect,usuario_02,-
case_152,2026-03-04 14:26:44,NetworkConnect,usuario_02,\Users\Public
case_152,2026-03-04 14:27:35,ProcessExit,usuario_02,\Windows\System32
case_152,2026-03-04 14:31:08,ImageLoad,usuario_02,\\fileserver\financeiro
case_152,2026-03-04 14:37:23,FileRead,usuario_02,\Users\Public
case_152,2026-03-04 14:38:48,ScheduledTaskQuery,usuario_02,\Windows\System32
case_152,2026-03-04 14:42:54,PowerShellExec,usuario_02,\Windows\System32
case_152,2026-03-04 14:45:48,WmiQuery,usuario_02,-
case_152,2026-03-04 14:51:28,PrintJob,usuario_02,8.8.8.8
case_152,2026-03-04 14:52:21,ScreenCapture,usuario_02,\Users\Public
case_152,2026-03-04 14:58:27,LogonOff,usuario_02,\Windows\System32
case_030,2026-03-03 16:18:18,LogonSuccess,usuario_20,cdn.contoso.com
case_030,2026-03-03 16:18:55,DnsQuery,usuario_20,C:\temp
case_030,2026-03-03 16:19:49,ProcessExit,usuario_20,HKLM\Software
case_030,2026-03-03 16:25:39,ProcessCreate,usuario_20,\\fileserver\financeiro
case_030,2026-03-03 16:29:04,DnsQuery,usuario_20,8.8.8.8
case_030,2026-03-03 16:34:14,NetworkConnect,usuario_20,\Windows\System32
case_030,2026-03-03 16:39:43,DnsQuery,usuario_20,C:\temp
case_030,2026-03-03 16:45:50,ImageLoad,usuario_20,cdn.contoso.com
case_030,2026-03-03 16:49:19,RegistryModify,usuario_20,\\fileserver\financeiro
case_030,2026-03-03 16:53:26,RegistryModify,usuario_20,D:\backup
case_030,2026-03-03 16:54:25,ClipboardCapture,usuario_20,-
case_030,2026-03-03 16:55:55,FileModify,usuario_20,update.microsoft.com
case_030,2026-03-03 16:59:22,LogonOff,usuario_20,8.8.8.8
case_144,2026-03-06 09:00:44,LogonSuccess,usuario_28,\\fileserver\rh
case_144,2026-03-06 09:03:29,ProcessExit,usuario_28,HKLM\Software
case_144,2026-03-06 09:05:22,ProcessExit,usuario_28,\Users\Documents
case_144,2026-03-06 09:09:52,DnsQuery,usuario_28,\Windows\System32
case_144,2026-03-06 09:11:14,ProcessExit,usuario_28,update.microsoft.com
case_144,2026-03-06 09:14:32,ProcessCreate,usuario_28,\Users\Public
case_144,2026-03-06 09:15:14,ServiceQuery,usuario_28,8.8.8.8
case_144,2026-03-06 09:19:40,NetworkConnect,usuario_28,-
case_144,2026-03-06 09:22:38,FileModify,usuario_28,-
case_144,2026-03-06 09:26:49,PrintJob,usuario_28,\\fileserver\financeiro
case_144,2026-03-06 09:30:22,LogonOff,usuario_28,cdn.contoso.com
case_223,2026-03-03 12:54:29,LogonSuccess,usuario_26,D:\backup
case_223,2026-03-03 12:55:57,ProcessExit,usuario_26,8.8.8.8
case_223,2026-03-03 12:59:04,ProcessExit,usuario_26,\\fileserver\rh
case_223,2026-03-03 13:05:09,ProcessCreate,usuario_26,\Users\Documents
case_223,2026-03-03 13:09:06,ImageLoad,usuario_26,-
case_223,2026-03-03 13:12:47,ImageLoad,usuario_26,update.microsoft.com
case_223,2026-03-03 13:13:43,ProcessCreate,usuario_26,\\fileserver\financeiro
case_223,2026-03-03 13:18:13,ImageLoad,usuario_26,\Device\Pipe
case_223,2026-03-03 13:24:52,ServiceQuery,usuario_26,-
case_223,2026-03-03 13:25:25,ProcessCreate,usuario_26,HKLM\Software
case_223,2026-03-03 13:30:56,ImageLoad,usuario_26,C:\temp
case_223,2026-03-03 13:33:16,FileRead,usuario_26,\\fileserver\financeiro
case_223,2026-03-03 13:36:41,ScheduledTaskQuery,usuario_26,\\fileserver\financeiro
case_153,2026-03-04 13:30:25,LogonSuccess,usuario_02,\Users\Public
case_153,2026-03-04 13:31:37,DnsQuery,usuario_02,\Windows\System32
case_153,2026-03-04 13:37:01,DnsQuery,usuario_02,\Users\Documents
case_153,2026-03-04 13:37:55,DnsQuery,usuario_02,-
case_153,2026-03-04 13:39:54,ServiceQuery,usuario_02,-
case_153,2026-03-04 13:41:18,FileModify,usuario_02,\Device\Pipe
case_153,2026-03-04 13:45:58,PipeCreate,usuario_02,\\fileserver\rh
case_153,2026-03-04 13:49:19,FileRead,usuario_02,8.8.8.8
case_153,2026-03-04 13:53:45,LogonOff,usuario_02,\Users\Documents
case_025,2026-03-06 17:58:40,LogonSuccess,usuario_15,\\fileserver\financeiro
case_025,2026-03-06 18:05:05,DnsQuery,usuario_15,\Users\Public
case_025,2026-03-06 18:09:43,DnsQuery,usuario_15,\Device\Pipe
case_025,2026-03-06 18:11:31,NetworkConnect,usuario_15,\Windows\System32
case_025,2026-03-06 18:13:57,ProcessCreate,usuario_15,\Users\Documents
case_025,2026-03-06 18:18:01,DnsQuery,usuario_15,cdn.contoso.com
case_025,2026-03-06 18:22:49,NetworkConnect,usuario_15,update.microsoft.com
case_025,2026-03-06 18:28:21,ProcessCreate,usuario_15,C:\temp
case_025,2026-03-06 18:31:47,FileModify,usuario_15,\\fileserver\financeiro
case_025,2026-03-06 18:34:31,NetworkConnect,usuario_15,8.8.8.8
case_025,2026-03-06 18:38:20,ImageLoad,usuario_15,D:\backup
case_025,2026-03-06 18:41:33,NetworkConnect,usuario_15,\Device\Pipe
case_025,2026-03-06 18:46:59,FileRead,usuario_15,\Windows\System32
case_025,2026-03-06 18:52:42,PipeCreate,usuario_15,\Device\Pipe
case_025,2026-03-06 18:55:53,DriverLoad,usuario_15,\Users\Public
case_025,2026-03-06 18:59:01,FileRead,usuario_15,\Users\Public
case_025,2026-03-06 19:04:06,LogonOff,usuario_15,\Device\Pipe
case_035,2026-03-03 08:39:25,LogonSuccess,usuario_04,\Users\Documents
case_035,2026-03-03 08:44:33,FileCreate,usuario_04,\\fileserver\rh
case_035,2026-03-03 08:48:56,ProcessExit,usuario_04,\Windows\System32
case_035,2026-03-03 08:52:24,NetworkConnect,usuario_04,\\fileserver\financeiro
case_035,2026-03-03 08:58:28,NetworkConnect,usuario_04,\Users\Public
case_035,2026-03-03 09:02:21,ProcessExit,usuario_04,-
case_035,2026-03-03 09:05:18,ProcessCreate,usuario_04,D:\backup
case_035,2026-03-03 09:11:49,DnsQuery,usuario_04,\Users\Documents
case_035,2026-03-03 09:17:31,FileCreate,usuario_04,\Windows\System32
case_035,2026-03-03 09:22:56,PipeCreate,usuario_04,cdn.contoso.com
case_035,2026-03-03 09:25:31,PipeCreate,usuario_04,\Device\Pipe
case_035,2026-03-03 09:30:47,PrintJob,usuario_04,-
case_035,2026-03-03 09:33:03,LogonOff,usuario_04,\Users\Documents
case_248,2026-03-06 18:05:03,LogonSuccess,usuario_15,\Device\Pipe
case_248,2026-03-06 18:09:36,FileCreate,usuario_15,\Users\Documents
case_248,2026-03-06 18:10:57,ProcessExit,usuario_15,\\fileserver\financeiro
case_248,2026-03-06 18:12:02,FileCreate,usuario_15,\Users\Public
case_248,2026-03-06 18:15:48,ProcessCreate,usuario_15,-
case_248,2026-03-06 18:22:06,FileModify,usuario_15,\Device\Pipe
case_248,2026-03-06 18:25:44,ImageLoad,usuario_15,D:\backup
case_248,2026-03-06 18:29:32,DnsQuery,usuario_15,8.8.8.8
case_248,2026-03-06 18:35:48,NetworkConnect,usuario_15,cdn.contoso.com
case_248,2026-03-06 18:37:18,NetworkConnect,usuario_15,\\fileserver\financeiro
case_248,2026-03-06 18:39:11,FileModify,usuario_15,\Users\Public
case_248,2026-03-06 18:42:10,RegistryModify,usuario_15,\\fileserver\financeiro
case_248,2026-03-06 18:44:00,RegistryModify,usuario_15,\Users\Documents
case_248,2026-03-06 18:48:00,FileRead,usuario_15,\\fileserver\rh
case_248,2026-03-06 18:52:35,FileRead,usuario_15,\Users\Public
case_248,2026-03-06 18:54:29,RegistryModify,usuario_15,\\fileserver\rh
case_248,2026-03-06 18:58:14,ServiceQuery,usuario_15,HKLM\Software
case_248,2026-03-06 19:00:30,RegistryModify,usuario_15,\\fileserver\financeiro
case_248,2026-03-06 19:06:21,RemoteThread,usuario_15,\Device\Pipe
case_248,2026-03-06 19:07:22,WmiQuery,usuario_15,\\fileserver\financeiro
case_248,2026-03-06 19:11:33,WmiQuery,usuario_15,D:\backup
case_248,2026-03-06 19:12:41,LogonOff,usuario_15,update.microsoft.com
case_119,2026-03-02 08:53:24,LogonSuccess,usuario_29,cdn.contoso.com
case_119,2026-03-02 08:57:52,FileCreate,usuario_29,update.microsoft.com
case_119,2026-03-02 09:02:41,NetworkConnect,usuario_29,\Users\Public
case_119,2026-03-02 09:07:01,DnsQuery,usuario_29,\Users\Documents
case_119,2026-03-02 09:11:53,ProcessCreate,usuario_29,\Device\Pipe
case_119,2026-03-02 09:16:45,FileRead,usuario_29,\\fileserver\rh
case_119,2026-03-02 09:20:56,NetworkConnect,usuario_29,-
case_119,2026-03-02 09:24:24,ProcessExit,usuario_29,D:\backup
case_119,2026-03-02 09:30:28,PipeCreate,usuario_29,\Users\Documents
case_119,2026-03-02 09:31:21,FileRead,usuario_29,HKLM\Software
case_119,2026-03-02 09:35:35,RegistryModify,usuario_29,\Users\Public
case_119,2026-03-02 09:36:36,FileModify,usuario_29,8.8.8.8
case_119,2026-03-02 09:38:27,LogonOff,usuario_29,\\fileserver\rh
case_081,2026-03-03 10:55:04,LogonSuccess,usuario_15,\Device\Pipe
case_081,2026-03-03 10:57:49,ProcessExit,usuario_15,\Users\Public
case_081,2026-03-03 10:59:59,ImageLoad,usuario_15,cdn.contoso.com
case_081,2026-03-03 11:05:29,NetworkConnect,usuario_15,cdn.contoso.com
case_081,2026-03-03 11:09:55,FileCreate,usuario_15,C:\temp
case_081,2026-03-03 11:12:07,ProcessExit,usuario_15,8.8.8.8
case_081,2026-03-03 11:17:34,ImageLoad,usuario_15,C:\temp
case_081,2026-03-03 11:22:52,ProcessExit,usuario_15,D:\backup
case_081,2026-03-03 11:24:45,ImageLoad,usuario_15,-
case_081,2026-03-03 11:30:42,ServiceQuery,usuario_15,update.microsoft.com
case_081,2026-03-03 11:33:17,FileRead,usuario_15,C:\temp
case_081,2026-03-03 11:39:47,PowerShellExec,usuario_15,\Device\Pipe
case_081,2026-03-03 11:43:02,FileCreate,usuario_15,cdn.contoso.com
case_081,2026-03-03 11:48:27,RegistryModify,usuario_15,-
case_081,2026-03-03 11:49:22,RegistryModify,usuario_15,HKLM\Software
case_081,2026-03-03 11:52:55,LogonOff,usuario_15,8.8.8.8
case_266,2026-03-06 12:05:53,LogonSuccess,usuario_07,\Users\Documents
case_266,2026-03-06 12:11:03,ImageLoad,usuario_07,C:\temp
case_266,2026-03-06 12:12:12,FileCreate,usuario_07,\Windows\System32
case_266,2026-03-06 12:15:40,ProcessExit,usuario_07,HKLM\Software
case_266,2026-03-06 12:21:30,NetworkConnect,usuario_07,HKLM\Software
case_266,2026-03-06 12:25:26,FileCreate,usuario_07,\Users\Documents
case_266,2026-03-06 12:28:56,NetworkConnect,usuario_07,\Users\Public
case_266,2026-03-06 12:31:39,ProcessCreate,usuario_07,8.8.8.8
case_266,2026-03-06 12:37:33,RegistryModify,usuario_07,\Windows\System32
case_266,2026-03-06 12:40:25,NetworkConnect,usuario_07,D:\backup
case_266,2026-03-06 12:41:02,ImageLoad,usuario_07,\Users\Public
case_266,2026-03-06 12:43:56,RegistryModify,usuario_07,C:\temp
case_266,2026-03-06 12:46:30,FileRead,usuario_07,cdn.contoso.com
case_266,2026-03-06 12:48:34,FileRead,usuario_07,\Users\Public
case_266,2026-03-06 12:54:19,PowerShellExec,usuario_07,\Users\Documents
case_266,2026-03-06 13:00:28,FileModify,usuario_07,D:\backup
case_266,2026-03-06 13:01:03,ScheduledTaskQuery,usuario_07,cdn.contoso.com
case_266,2026-03-06 13:02:52,ScheduledTaskQuery,usuario_07,\Windows\System32
case_266,2026-03-06 13:04:09,LogonOff,usuario_07,\Users\Public
case_107,2026-03-04 18:40:41,LogonSuccess,usuario_15,\Users\Documents
case_107,2026-03-04 18:46:03,NetworkConnect,usuario_15,8.8.8.8
case_107,2026-03-04 18:50:05,ProcessExit,usuario_15,-
case_107,2026-03-04 18:53:20,FileCreate,usuario_15,update.microsoft.com
case_107,2026-03-04 18:59:35,ProcessCreate,usuario_15,HKLM\Software
case_107,2026-03-04 19:01:23,NetworkConnect,usuario_15,\Device\Pipe
case_107,2026-03-04 19:07:25,DnsQuery,usuario_15,\Users\Public
case_107,2026-03-04 19:14:03,FileCreate,usuario_15,\Users\Documents
case_107,2026-03-04 19:19:16,ProcessExit,usuario_15,cdn.contoso.com
case_107,2026-03-04 19:20:34,ProcessExit,usuario_15,-
case_107,2026-03-04 19:25:59,NetworkConnect,usuario_15,cdn.contoso.com
case_107,2026-03-04 19:29:05,ImageLoad,usuario_15,update.microsoft.com
case_107,2026-03-04 19:30:14,ServiceQuery,usuario_15,cdn.contoso.com
case_107,2026-03-04 19:32:04,PipeCreate,usuario_15,\\fileserver\rh
case_107,2026-03-04 19:35:51,ServiceQuery,usuario_15,\Users\Public
case_107,2026-03-04 19:41:17,PrintJob,usuario_15,\Users\Public
case_107,2026-03-04 19:47:27,ClipboardCapture,usuario_15,-
case_107,2026-03-04 19:51:01,WmiQuery,usuario_15,\\fileserver\financeiro
case_107,2026-03-04 19:55:34,LogonOff,usuario_15,\Device\Pipe
case_282,2026-03-04 02:47:33,LogonSuccess,usuario_29,-
case_282,2026-03-04 02:48:26,DnsQuery,usuario_29,D:\backup
case_282,2026-03-04 02:49:13,ProcessCreate,usuario_29,\Users\Public
case_282,2026-03-04 02:51:13,FileRead,usuario_29,\\fileserver\financeiro
case_282,2026-03-04 02:51:46,ProcessCreate,usuario_29,update.microsoft.com
case_282,2026-03-04 02:52:29,FileRead,usuario_29,\\fileserver\financeiro
case_282,2026-03-04 02:54:24,FileRead,usuario_29,\\fileserver\financeiro
case_282,2026-03-04 02:55:07,NetworkConnect,usuario_29,HKLM\Software
case_282,2026-03-04 02:56:21,FileRead,usuario_29,\\fileserver\financeiro
case_282,2026-03-04 02:56:55,ArchiveCreate,usuario_29,\Users\Public
case_282,2026-03-04 02:58:39,UsbCopy,usuario_29,update.microsoft.com
case_282,2026-03-04 02:59:58,LogonOff,usuario_29,\\fileserver\financeiro
case_167,2026-03-06 15:36:02,LogonSuccess,usuario_29,\\fileserver\financeiro
case_167,2026-03-06 15:39:38,FileCreate,usuario_29,D:\backup
case_167,2026-03-06 15:42:21,ProcessCreate,usuario_29,HKLM\Software
case_167,2026-03-06 15:48:49,DnsQuery,usuario_29,\\fileserver\rh
case_167,2026-03-06 15:54:49,PowerShellExec,usuario_29,cdn.contoso.com
case_167,2026-03-06 16:00:52,ClipboardCapture,usuario_29,\Users\Public
case_167,2026-03-06 16:06:52,ScreenCapture,usuario_29,C:\temp
case_167,2026-03-06 16:11:45,RemoteThread,usuario_29,\Device\Pipe
case_167,2026-03-06 16:18:16,WmiQuery,usuario_29,cdn.contoso.com
case_096,2026-03-04 16:12:36,LogonSuccess,usuario_02,8.8.8.8
case_096,2026-03-04 16:17:12,NetworkConnect,usuario_02,8.8.8.8
case_096,2026-03-04 16:23:29,ProcessExit,usuario_02,C:\temp
case_096,2026-03-04 16:24:58,FileRead,usuario_02,cdn.contoso.com
case_096,2026-03-04 16:30:04,RegistryModify,usuario_02,HKLM\Software
case_096,2026-03-04 16:34:33,FileModify,usuario_02,8.8.8.8
case_096,2026-03-04 16:40:26,PipeCreate,usuario_02,-
case_096,2026-03-04 16:42:26,DriverLoad,usuario_02,update.microsoft.com
case_096,2026-03-04 16:48:01,ScreenCapture,usuario_02,\Users\Documents
case_096,2026-03-04 16:52:49,LogonOff,usuario_02,HKLM\Software
case_171,2026-03-06 16:09:50,LogonSuccess,usuario_13,\\fileserver\financeiro
case_171,2026-03-06 16:15:20,FileCreate,usuario_13,update.microsoft.com
case_171,2026-03-06 16:20:01,FileCreate,usuario_13,HKLM\Software
case_171,2026-03-06 16:26:13,ImageLoad,usuario_13,\Users\Public
case_171,2026-03-06 16:32:12,ProcessCreate,usuario_13,\Windows\System32
case_171,2026-03-06 16:34:33,NetworkConnect,usuario_13,\Windows\System32
case_171,2026-03-06 16:36:29,ProcessCreate,usuario_13,C:\temp
case_171,2026-03-06 16:39:22,ProcessExit,usuario_13,HKLM\Software
case_171,2026-03-06 16:40:50,RegistryModify,usuario_13,-
case_171,2026-03-06 16:45:52,PowerShellExec,usuario_13,HKLM\Software
case_171,2026-03-06 16:51:14,FileModify,usuario_13,\\fileserver\financeiro
case_171,2026-03-06 16:53:56,DnsQuery,usuario_13,C:\temp
case_171,2026-03-06 17:00:29,ProcessCreate,usuario_13,-
case_171,2026-03-06 17:04:25,ServiceQuery,usuario_13,\Users\Public
case_171,2026-03-06 17:09:26,FileRead,usuario_13,\\fileserver\rh
case_171,2026-03-06 17:11:59,FileRead,usuario_13,8.8.8.8
case_171,2026-03-06 17:17:51,ServiceQuery,usuario_13,C:\temp
case_171,2026-03-06 17:21:35,PipeCreate,usuario_13,cdn.contoso.com
case_171,2026-03-06 17:22:37,FileRead,usuario_13,\\fileserver\rh
case_171,2026-03-06 17:28:43,LogonOff,usuario_13,8.8.8.8
case_236,2026-03-05 11:15:17,LogonSuccess,usuario_13,D:\backup
case_236,2026-03-05 11:19:25,ProcessCreate,usuario_13,\Users\Documents
case_236,2026-03-05 11:21:34,NetworkConnect,usuario_13,C:\temp
case_236,2026-03-05 11:24:38,ProcessCreate,usuario_13,cdn.contoso.com
case_236,2026-03-05 11:26:54,FileCreate,usuario_13,cdn.contoso.com
case_236,2026-03-05 11:30:19,ImageLoad,usuario_13,\\fileserver\financeiro
case_236,2026-03-05 11:32:20,ProcessCreate,usuario_13,\Device\Pipe
case_236,2026-03-05 11:38:40,DnsQuery,usuario_13,\\fileserver\rh
case_236,2026-03-05 11:41:10,DnsQuery,usuario_13,-
case_236,2026-03-05 11:41:41,FileModify,usuario_13,C:\temp
case_236,2026-03-05 11:43:02,PowerShellExec,usuario_13,\Device\Pipe
case_236,2026-03-05 11:46:52,RegistryModify,usuario_13,8.8.8.8
case_236,2026-03-05 11:50:34,FileModify,usuario_13,D:\backup
case_236,2026-03-05 11:55:03,ScheduledTaskQuery,usuario_13,D:\backup
case_236,2026-03-05 11:55:47,ScheduledTaskQuery,usuario_13,update.microsoft.com
case_236,2026-03-05 11:56:37,RemoteThread,usuario_13,update.microsoft.com
case_236,2026-03-05 12:00:08,LogonOff,usuario_13,\Windows\System32
case_244,2026-03-04 09:07:34,LogonSuccess,usuario_15,\Device\Pipe
case_244,2026-03-04 09:10:02,ProcessExit,usuario_15,\\fileserver\financeiro
case_244,2026-03-04 09:11:04,DnsQuery,usuario_15,\Windows\System32
case_244,2026-03-04 09:12:15,ImageLoad,usuario_15,\Users\Documents
case_244,2026-03-04 09:16:43,ProcessCreate,usuario_15,HKLM\Software
case_244,2026-03-04 09:22:02,ImageLoad,usuario_15,cdn.contoso.com
case_244,2026-03-04 09:24:15,ProcessExit,usuario_15,-
case_244,2026-03-04 09:28:17,FileRead,usuario_15,\Device\Pipe
case_244,2026-03-04 09:30:53,FileCreate,usuario_15,\Users\Public
case_244,2026-03-04 09:37:15,FileModify,usuario_15,cdn.contoso.com
case_244,2026-03-04 09:42:22,ServiceQuery,usuario_15,-
case_244,2026-03-04 09:47:31,ServiceQuery,usuario_15,8.8.8.8
case_244,2026-03-04 09:53:01,RegistryModify,usuario_15,update.microsoft.com
case_244,2026-03-04 09:59:02,RegistryModify,usuario_15,8.8.8.8
case_244,2026-03-04 09:59:43,ScheduledTaskQuery,usuario_15,-
case_244,2026-03-04 10:00:58,PipeCreate,usuario_15,-
case_244,2026-03-04 10:06:47,ScheduledTaskQuery,usuario_15,\Users\Public
case_244,2026-03-04 10:12:01,WmiQuery,usuario_15,\Users\Public
case_244,2026-03-04 10:13:21,LogonOff,usuario_15,D:\backup
case_147,2026-03-04 09:27:11,LogonSuccess,usuario_06,\Users\Public
case_147,2026-03-04 09:29:48,ImageLoad,usuario_06,\Windows\System32
case_147,2026-03-04 09:32:50,ProcessExit,usuario_06,cdn.contoso.com
case_147,2026-03-04 09:37:53,ProcessCreate,usuario_06,8.8.8.8
case_147,2026-03-04 09:38:46,PipeCreate,usuario_06,cdn.contoso.com
case_147,2026-03-04 09:39:20,ProcessExit,usuario_06,8.8.8.8
case_147,2026-03-04 09:45:04,ProcessCreate,usuario_06,HKLM\Software
case_147,2026-03-04 09:45:33,RegistryModify,usuario_06,\\fileserver\rh
case_147,2026-03-04 09:50:36,WmiQuery,usuario_06,-
case_147,2026-03-04 09:56:41,FileRead,usuario_06,\Users\Public
case_147,2026-03-04 09:59:07,WmiQuery,usuario_06,D:\backup
case_147,2026-03-04 10:04:11,LogonOff,usuario_06,\Device\Pipe
case_001,2026-03-02 07:25:47,LogonSuccess,usuario_21,HKLM\Software
case_001,2026-03-02 07:28:59,ImageLoad,usuario_21,\Users\Public
case_001,2026-03-02 07:30:06,FileCreate,usuario_21,8.8.8.8
case_001,2026-03-02 07:31:15,ImageLoad,usuario_21,\\fileserver\financeiro
case_001,2026-03-02 07:34:31,ProcessCreate,usuario_21,-
case_001,2026-03-02 07:37:06,ProcessExit,usuario_21,D:\backup
case_001,2026-03-02 07:37:48,ProcessCreate,usuario_21,\Users\Documents
case_001,2026-03-02 07:42:03,ProcessCreate,usuario_21,update.microsoft.com
case_001,2026-03-02 07:43:26,FileModify,usuario_21,8.8.8.8
case_001,2026-03-02 07:44:26,RegistryModify,usuario_21,update.microsoft.com
case_001,2026-03-02 07:47:16,FileModify,usuario_21,\Device\Pipe
case_001,2026-03-02 07:52:52,LogonOff,usuario_21,\\fileserver\financeiro
case_201,2026-03-02 14:55:26,LogonSuccess,usuario_23,update.microsoft.com
case_201,2026-03-02 15:01:23,DnsQuery,usuario_23,update.microsoft.com
case_201,2026-03-02 15:03:55,DnsQuery,usuario_23,C:\temp
case_201,2026-03-02 15:10:12,ImageLoad,usuario_23,\\fileserver\financeiro
case_201,2026-03-02 15:15:33,NetworkConnect,usuario_23,-
case_201,2026-03-02 15:18:51,DnsQuery,usuario_23,-
case_201,2026-03-02 15:24:27,ProcessCreate,usuario_23,8.8.8.8
case_201,2026-03-02 15:25:21,FileCreate,usuario_23,\Windows\System32
case_201,2026-03-02 15:25:56,ProcessCreate,usuario_23,\Users\Documents
case_201,2026-03-02 15:27:37,FileModify,usuario_23,HKLM\Software
case_201,2026-03-02 15:28:46,ProcessCreate,usuario_23,\Device\Pipe
case_201,2026-03-02 15:30:00,ImageLoad,usuario_23,cdn.contoso.com
case_201,2026-03-02 15:36:07,RegistryModify,usuario_23,cdn.contoso.com
case_201,2026-03-02 15:39:12,ServiceQuery,usuario_23,D:\backup
case_201,2026-03-02 15:41:30,FileRead,usuario_23,D:\backup
case_201,2026-03-02 15:48:05,FileRead,usuario_23,D:\backup
case_201,2026-03-02 15:50:26,ClipboardCapture,usuario_23,\Users\Public
case_201,2026-03-02 15:52:15,ClipboardCapture,usuario_23,\Users\Documents
case_201,2026-03-02 15:55:51,RemoteThread,usuario_23,D:\backup
case_201,2026-03-02 15:59:46,WmiQuery,usuario_23,\Users\Public
case_201,2026-03-02 16:00:37,LogonOff,usuario_23,-
case_116,2026-03-06 08:37:39,LogonSuccess,usuario_04,update.microsoft.com
case_116,2026-03-06 08:39:29,DnsQuery,usuario_04,C:\temp
case_116,2026-03-06 08:40:03,ImageLoad,usuario_04,cdn.contoso.com
case_116,2026-03-06 08:44:46,ProcessCreate,usuario_04,\Users\Public
case_116,2026-03-06 08:45:42,ProcessExit,usuario_04,HKLM\Software
case_116,2026-03-06 08:52:11,ProcessExit,usuario_04,cdn.contoso.com
case_116,2026-03-06 08:57:34,FileCreate,usuario_04,-
case_116,2026-03-06 09:00:40,FileRead,usuario_04,8.8.8.8
case_116,2026-03-06 09:02:41,ServiceQuery,usuario_04,\Users\Documents
case_116,2026-03-06 09:08:47,ServiceQuery,usuario_04,\\fileserver\financeiro
case_116,2026-03-06 09:11:04,ClipboardCapture,usuario_04,D:\backup
case_116,2026-03-06 09:12:20,RemoteThread,usuario_04,\\fileserver\financeiro
case_010,2026-03-05 10:44:11,LogonSuccess,usuario_25,8.8.8.8
case_010,2026-03-05 10:47:20,FileCreate,usuario_25,update.microsoft.com
case_010,2026-03-05 10:51:38,ImageLoad,usuario_25,8.8.8.8
case_010,2026-03-05 10:52:29,ProcessCreate,usuario_25,HKLM\Software
case_010,2026-03-05 10:56:24,FileCreate,usuario_25,8.8.8.8
case_010,2026-03-05 11:01:43,DnsQuery,usuario_25,\Users\Documents
case_010,2026-03-05 11:02:13,FileModify,usuario_25,D:\backup
case_010,2026-03-05 11:07:27,PowerShellExec,usuario_25,8.8.8.8
case_010,2026-03-05 11:11:51,FileModify,usuario_25,\Windows\System32
case_010,2026-03-05 11:15:11,PowerShellExec,usuario_25,\\fileserver\rh
case_010,2026-03-05 11:18:50,RegistryModify,usuario_25,8.8.8.8
case_010,2026-03-05 11:23:45,FileRead,usuario_25,\Users\Documents
case_010,2026-03-05 11:30:21,ServiceQuery,usuario_25,update.microsoft.com
case_010,2026-03-05 11:35:49,FileModify,usuario_25,HKLM\Software
case_010,2026-03-05 11:40:18,ScheduledTaskQuery,usuario_25,HKLM\Software
case_010,2026-03-05 11:42:57,RemoteThread,usuario_25,8.8.8.8
case_010,2026-03-05 11:47:25,WmiQuery,usuario_25,\Windows\System32
case_010,2026-03-05 11:51:04,ClipboardCapture,usuario_25,\\fileserver\financeiro
case_010,2026-03-05 11:57:06,WmiQuery,usuario_25,\Device\Pipe
case_286,2026-03-02 01:00:09,LogonSuccess,usuario_03,HKLM\Software
case_286,2026-03-02 01:01:24,DnsQuery,usuario_03,\Device\Pipe
case_286,2026-03-02 01:01:43,ProcessCreate,usuario_03,\\fileserver\financeiro
case_286,2026-03-02 01:02:18,ProcessCreate,usuario_03,8.8.8.8
case_286,2026-03-02 01:02:57,NetworkConnect,usuario_03,\\fileserver\financeiro
case_286,2026-03-02 01:03:20,FileRead,usuario_03,\\fileserver\financeiro
case_286,2026-03-02 01:03:41,FileRead,usuario_03,\\fileserver\financeiro
case_286,2026-03-02 01:04:00,FileRead,usuario_03,\\fileserver\financeiro
case_286,2026-03-02 01:05:57,FileRead,usuario_03,\\fileserver\financeiro
case_286,2026-03-02 01:06:44,ArchiveCreate,usuario_03,8.8.8.8
case_286,2026-03-02 01:07:22,NetworkConnect,usuario_03,cdn.contoso.com
case_286,2026-03-02 01:08:36,UsbCopy,usuario_03,\Device\Pipe
case_286,2026-03-02 01:09:41,LogonOff,usuario_03,D:\backup
case_285,2026-03-06 02:29:39,LogonSuccess,usuario_09,\Users\Documents
case_285,2026-03-06 02:30:54,DnsQuery,usuario_09,D:\backup
case_285,2026-03-06 02:32:06,NetworkConnect,usuario_09,\\fileserver\financeiro
case_285,2026-03-06 02:33:26,ProcessCreate,usuario_09,\\fileserver\rh
case_285,2026-03-06 02:34:18,RegistryModify,usuario_09,\Device\Pipe
case_285,2026-03-06 02:36:03,FileRead,usuario_09,\\fileserver\financeiro
case_285,2026-03-06 02:38:02,FileRead,usuario_09,\\fileserver\financeiro
case_285,2026-03-06 02:39:08,ProcessCreate,usuario_09,8.8.8.8
case_285,2026-03-06 02:41:06,FileRead,usuario_09,\\fileserver\financeiro
case_285,2026-03-06 02:41:51,FileRead,usuario_09,\\fileserver\financeiro
case_285,2026-03-06 02:43:47,NetworkConnect,usuario_09,\\fileserver\rh
case_285,2026-03-06 02:45:27,ArchiveCreate,usuario_09,\\fileserver\financeiro
case_285,2026-03-06 02:46:08,NetworkConnect,usuario_09,HKLM\Software
case_285,2026-03-06 02:47:22,ExternalUpload,usuario_09,C:\temp
case_285,2026-03-06 02:49:07,LogonOff,usuario_09,C:\temp
case_095,2026-03-04 17:10:01,LogonSuccess,usuario_02,\Users\Documents
case_095,2026-03-04 17:15:16,FileCreate,usuario_02,\Users\Public
case_095,2026-03-04 17:20:40,ImageLoad,usuario_02,\Device\Pipe
case_095,2026-03-04 17:23:33,NetworkConnect,usuario_02,\Windows\System32
case_095,2026-03-04 17:30:07,ProcessCreate,usuario_02,D:\backup
case_095,2026-03-04 17:35:22,ProcessExit,usuario_02,8.8.8.8
case_095,2026-03-04 17:36:22,ProcessCreate,usuario_02,D:\backup
case_095,2026-03-04 17:37:10,PipeCreate,usuario_02,D:\backup
case_095,2026-03-04 17:40:21,FileModify,usuario_02,\\fileserver\financeiro
case_095,2026-03-04 17:44:23,FileModify,usuario_02,8.8.8.8
case_095,2026-03-04 17:45:44,PowerShellExec,usuario_02,D:\backup
case_095,2026-03-04 17:48:00,ScheduledTaskQuery,usuario_02,\Users\Documents
case_095,2026-03-04 17:53:54,PrintJob,usuario_02,-
case_095,2026-03-04 17:54:19,WmiQuery,usuario_02,\Device\Pipe
case_095,2026-03-04 18:00:02,RemoteThread,usuario_02,8.8.8.8
case_095,2026-03-04 18:00:49,LogonOff,usuario_02,\\fileserver\rh
case_165,2026-03-04 09:26:17,LogonSuccess,usuario_25,HKLM\Software
case_165,2026-03-04 09:30:41,FileCreate,usuario_25,cdn.contoso.com
case_165,2026-03-04 09:36:45,ProcessExit,usuario_25,D:\backup
case_165,2026-03-04 09:37:56,ProcessExit,usuario_25,\Windows\System32
case_165,2026-03-04 09:38:47,DnsQuery,usuario_25,\\fileserver\rh
case_165,2026-03-04 09:39:10,ImageLoad,usuario_25,\Device\Pipe
case_165,2026-03-04 09:44:28,FileCreate,usuario_25,D:\backup
case_165,2026-03-04 09:45:09,ProcessCreate,usuario_25,\Users\Public
case_165,2026-03-04 09:47:17,ProcessCreate,usuario_25,update.microsoft.com
case_165,2026-03-04 09:47:40,DnsQuery,usuario_25,8.8.8.8
case_165,2026-03-04 09:53:08,ProcessExit,usuario_25,update.microsoft.com
case_165,2026-03-04 09:55:44,ProcessExit,usuario_25,cdn.contoso.com
case_165,2026-03-04 10:00:06,FileCreate,usuario_25,D:\backup
case_165,2026-03-04 10:03:18,DnsQuery,usuario_25,-
case_165,2026-03-04 10:07:17,ImageLoad,usuario_25,\\fileserver\financeiro
case_165,2026-03-04 10:10:46,RegistryModify,usuario_25,\Device\Pipe
case_165,2026-03-04 10:14:01,RegistryModify,usuario_25,\\fileserver\financeiro
case_165,2026-03-04 10:16:23,PipeCreate,usuario_25,\\fileserver\financeiro
case_278,2026-03-02 08:08:49,LogonSuccess,usuario_20,\Windows\System32
case_278,2026-03-02 08:12:30,NetworkConnect,usuario_20,C:\temp
case_278,2026-03-02 08:14:15,ImageLoad,usuario_20,\Windows\System32
case_278,2026-03-02 08:18:35,FileCreate,usuario_20,C:\temp
case_278,2026-03-02 08:20:02,ProcessExit,usuario_20,HKLM\Software
case_278,2026-03-02 08:25:33,FileModify,usuario_20,\\fileserver\financeiro
case_278,2026-03-02 08:30:46,PipeCreate,usuario_20,D:\backup
case_278,2026-03-02 08:33:28,PipeCreate,usuario_20,cdn.contoso.com
case_278,2026-03-02 08:35:53,LogonOff,usuario_20,cdn.contoso.com
case_212,2026-03-03 15:28:18,LogonSuccess,usuario_16,C:\temp
case_212,2026-03-03 15:31:11,ProcessExit,usuario_16,HKLM\Software
case_212,2026-03-03 15:34:00,ProcessCreate,usuario_16,\Device\Pipe
case_212,2026-03-03 15:38:28,ProcessCreate,usuario_16,cdn.contoso.com
case_212,2026-03-03 15:44:10,ServiceQuery,usuario_16,8.8.8.8
case_212,2026-03-03 15:49:36,RegistryModify,usuario_16,\\fileserver\financeiro
case_212,2026-03-03 15:54:34,FileModify,usuario_16,cdn.contoso.com
case_212,2026-03-03 15:57:25,ScheduledTaskQuery,usuario_16,\Users\Public
case_212,2026-03-03 15:59:37,WmiQuery,usuario_16,\Users\Public
case_212,2026-03-03 16:02:24,LogonOff,usuario_16,8.8.8.8
case_118,2026-03-05 11:45:00,LogonSuccess,usuario_27,cdn.contoso.com
case_118,2026-03-05 11:46:30,DnsQuery,usuario_27,\Users\Documents
case_118,2026-03-05 11:50:17,FileCreate,usuario_27,C:\temp
case_118,2026-03-05 11:53:46,DnsQuery,usuario_27,\Device\Pipe
case_118,2026-03-05 11:58:03,DnsQuery,usuario_27,\Users\Documents
case_118,2026-03-05 12:03:47,ImageLoad,usuario_27,\Windows\System32
case_118,2026-03-05 12:09:28,DnsQuery,usuario_27,\Users\Public
case_118,2026-03-05 12:13:05,DnsQuery,usuario_27,\Users\Documents
case_118,2026-03-05 12:16:15,ImageLoad,usuario_27,update.microsoft.com
case_118,2026-03-05 12:16:51,ProcessCreate,usuario_27,\\fileserver\rh
case_118,2026-03-05 12:20:49,PowerShellExec,usuario_27,D:\backup
case_118,2026-03-05 12:23:27,RegistryModify,usuario_27,\Users\Documents
case_118,2026-03-05 12:29:00,ScheduledTaskQuery,usuario_27,update.microsoft.com
case_118,2026-03-05 12:34:14,ClipboardCapture,usuario_27,D:\backup
case_118,2026-03-05 12:36:20,ClipboardCapture,usuario_27,D:\backup
case_118,2026-03-05 12:42:30,WmiQuery,usuario_27,\Users\Public
case_118,2026-03-05 12:48:07,PrintJob,usuario_27,\\fileserver\financeiro
case_118,2026-03-05 12:54:43,ScreenCapture,usuario_27,\Windows\System32
case_118,2026-03-05 12:59:26,LogonOff,usuario_27,\Device\Pipe
case_143,2026-03-06 10:59:22,LogonSuccess,usuario_18,-
case_143,2026-03-06 11:04:28,FileCreate,usuario_18,update.microsoft.com
case_143,2026-03-06 11:08:10,ImageLoad,usuario_18,\\fileserver\rh
case_143,2026-03-06 11:13:29,NetworkConnect,usuario_18,cdn.contoso.com
case_143,2026-03-06 11:19:14,RegistryModify,usuario_18,8.8.8.8
case_143,2026-03-06 11:23:19,PipeCreate,usuario_18,\Users\Documents
case_143,2026-03-06 11:27:49,ImageLoad,usuario_18,\Users\Documents
case_143,2026-03-06 11:31:42,PowerShellExec,usuario_18,C:\temp
case_143,2026-03-06 11:33:15,FileModify,usuario_18,update.microsoft.com
case_143,2026-03-06 11:34:40,RegistryModify,usuario_18,cdn.contoso.com
case_143,2026-03-06 11:41:04,FileRead,usuario_18,cdn.contoso.com
case_143,2026-03-06 11:42:30,LogonOff,usuario_18,\Users\Documents
case_127,2026-03-02 07:28:37,LogonSuccess,usuario_11,\\fileserver\rh
case_127,2026-03-02 07:34:00,ProcessExit,usuario_11,\Users\Public
case_127,2026-03-02 07:40:12,NetworkConnect,usuario_11,\Users\Public
case_127,2026-03-02 07:43:08,PipeCreate,usuario_11,\Users\Public
case_127,2026-03-02 07:46:20,FileRead,usuario_11,C:\temp
case_127,2026-03-02 07:46:50,FileModify,usuario_11,update.microsoft.com
case_127,2026-03-02 07:49:56,PowerShellExec,usuario_11,\Windows\System32
case_127,2026-03-02 07:54:11,LogonOff,usuario_11,\Device\Pipe
case_289,2026-03-02 02:25:21,LogonSuccess,usuario_15,\\fileserver\rh
case_289,2026-03-02 02:26:59,DnsQuery,usuario_15,\Windows\System32
case_289,2026-03-02 02:28:58,ProcessCreate,usuario_15,HKLM\Software
case_289,2026-03-02 02:30:38,FileRead,usuario_15,\\fileserver\financeiro
case_289,2026-03-02 02:32:07,FileRead,usuario_15,\\fileserver\financeiro
case_289,2026-03-02 02:32:54,FileRead,usuario_15,\\fileserver\financeiro
case_289,2026-03-02 02:33:59,FileRead,usuario_15,\\fileserver\financeiro
case_289,2026-03-02 02:34:47,NetworkConnect,usuario_15,\Windows\System32
case_289,2026-03-02 02:36:09,ArchiveCreate,usuario_15,HKLM\Software
case_289,2026-03-02 02:36:29,ArchiveCreate,usuario_15,HKLM\Software
case_289,2026-03-02 02:38:29,NetworkConnect,usuario_15,cdn.contoso.com
case_289,2026-03-02 02:39:14,LogonOff,usuario_15,8.8.8.8
case_261,2026-03-03 09:34:37,LogonSuccess,usuario_14,\\fileserver\financeiro
case_261,2026-03-03 09:35:51,DnsQuery,usuario_14,\Users\Public
case_261,2026-03-03 09:38:56,ProcessCreate,usuario_14,\Users\Documents
case_261,2026-03-03 09:43:20,FileCreate,usuario_14,-
case_261,2026-03-03 09:46:08,ProcessExit,usuario_14,C:\temp
case_261,2026-03-03 09:48:28,ImageLoad,usuario_14,update.microsoft.com
case_261,2026-03-03 09:53:01,ProcessExit,usuario_14,D:\backup
case_261,2026-03-03 09:55:11,ImageLoad,usuario_14,8.8.8.8
case_261,2026-03-03 09:59:42,PowerShellExec,usuario_14,\Windows\System32
case_261,2026-03-03 10:02:39,LogonOff,usuario_14,\Device\Pipe
case_191,2026-03-06 07:32:07,LogonSuccess,usuario_21,update.microsoft.com
case_191,2026-03-06 07:38:00,FileCreate,usuario_21,\\fileserver\rh
case_191,2026-03-06 07:42:19,ProcessCreate,usuario_21,\Users\Documents
case_191,2026-03-06 07:46:52,ProcessExit,usuario_21,8.8.8.8
case_191,2026-03-06 07:51:34,ProcessCreate,usuario_21,8.8.8.8
case_191,2026-03-06 07:53:32,FileModify,usuario_21,\\fileserver\rh
case_191,2026-03-06 07:55:20,FileCreate,usuario_21,HKLM\Software
case_191,2026-03-06 08:01:31,RegistryModify,usuario_21,\Users\Documents
case_191,2026-03-06 08:04:14,ProcessExit,usuario_21,8.8.8.8
case_191,2026-03-06 08:05:26,FileCreate,usuario_21,-
case_191,2026-03-06 08:10:46,PrintJob,usuario_21,\\fileserver\rh
case_191,2026-03-06 08:12:30,ScreenCapture,usuario_21,D:\backup
case_191,2026-03-06 08:14:35,LogonOff,usuario_21,\Users\Documents
case_018,2026-03-06 09:26:14,LogonSuccess,usuario_16,D:\backup
case_018,2026-03-06 09:26:59,DnsQuery,usuario_16,-
case_018,2026-03-06 09:31:33,ProcessCreate,usuario_16,\\fileserver\rh
case_018,2026-03-06 09:33:50,DnsQuery,usuario_16,-
case_018,2026-03-06 09:37:10,FileCreate,usuario_16,HKLM\Software
case_018,2026-03-06 09:42:55,ImageLoad,usuario_16,HKLM\Software
case_018,2026-03-06 09:48:32,FileRead,usuario_16,\\fileserver\rh
case_018,2026-03-06 09:54:39,ImageLoad,usuario_16,D:\backup
case_018,2026-03-06 10:01:08,FileRead,usuario_16,D:\backup
case_018,2026-03-06 10:07:05,RemoteThread,usuario_16,\Device\Pipe
case_018,2026-03-06 10:08:35,FileRead,usuario_16,\Device\Pipe
case_018,2026-03-06 10:09:44,WmiQuery,usuario_16,\Device\Pipe
case_018,2026-03-06 10:15:34,WmiQuery,usuario_16,\Windows\System32
case_018,2026-03-06 10:18:32,ClipboardCapture,usuario_16,D:\backup
case_018,2026-03-06 10:22:37,LogonOff,usuario_16,\Windows\System32
case_179,2026-03-04 16:25:07,LogonSuccess,usuario_10,\Users\Documents
case_179,2026-03-04 16:30:08,ImageLoad,usuario_10,\\fileserver\rh
case_179,2026-03-04 16:36:37,ProcessExit,usuario_10,C:\temp
case_179,2026-03-04 16:40:26,ImageLoad,usuario_10,-
case_179,2026-03-04 16:43:16,FileRead,usuario_10,\\fileserver\financeiro
case_179,2026-03-04 16:44:05,FileCreate,usuario_10,\Device\Pipe
case_179,2026-03-04 16:44:30,ImageLoad,usuario_10,\\fileserver\financeiro
case_179,2026-03-04 16:46:42,WmiQuery,usuario_10,\Users\Documents
case_179,2026-03-04 16:49:25,ScheduledTaskQuery,usuario_10,C:\temp
case_179,2026-03-04 16:51:56,LogonOff,usuario_10,\Windows\System32
case_192,2026-03-05 14:13:38,LogonSuccess,usuario_14,\\fileserver\rh
case_192,2026-03-05 14:19:06,NetworkConnect,usuario_14,HKLM\Software
case_192,2026-03-05 14:23:55,DnsQuery,usuario_14,HKLM\Software
case_192,2026-03-05 14:25:07,ProcessExit,usuario_14,update.microsoft.com
case_192,2026-03-05 14:27:49,FileCreate,usuario_14,\Users\Documents
case_192,2026-03-05 14:33:20,NetworkConnect,usuario_14,D:\backup
case_192,2026-03-05 14:39:23,ImageLoad,usuario_14,\Users\Public
case_192,2026-03-05 14:44:36,NetworkConnect,usuario_14,\Device\Pipe
case_192,2026-03-05 14:48:31,ImageLoad,usuario_14,\Device\Pipe
case_192,2026-03-05 14:52:33,DnsQuery,usuario_14,\\fileserver\financeiro
case_192,2026-03-05 14:55:36,ProcessExit,usuario_14,HKLM\Software
case_192,2026-03-05 14:57:36,FileModify,usuario_14,\Windows\System32
case_192,2026-03-05 15:02:08,PowerShellExec,usuario_14,cdn.contoso.com
case_192,2026-03-05 15:02:51,WmiQuery,usuario_14,\\fileserver\rh
case_192,2026-03-05 15:06:46,ClipboardCapture,usuario_14,\Users\Public
case_192,2026-03-05 15:08:09,ScheduledTaskQuery,usuario_14,cdn.contoso.com
case_192,2026-03-05 15:09:56,WmiQuery,usuario_14,-
case_192,2026-03-05 15:13:03,ScheduledTaskQuery,usuario_14,-
case_151,2026-03-04 10:46:14,LogonSuccess,usuario_21,\Users\Documents
case_151,2026-03-04 10:52:21,ProcessExit,usuario_21,update.microsoft.com
case_151,2026-03-04 10:57:55,FileCreate,usuario_21,\\fileserver\rh
case_151,2026-03-04 11:04:03,ProcessCreate,usuario_21,update.microsoft.com
case_151,2026-03-04 11:08:15,FileCreate,usuario_21,\Windows\System32
case_151,2026-03-04 11:12:13,ProcessCreate,usuario_21,\Device\Pipe
case_151,2026-03-04 11:18:17,ProcessExit,usuario_21,\Device\Pipe
case_151,2026-03-04 11:19:03,ProcessExit,usuario_21,\\fileserver\financeiro
case_151,2026-03-04 11:23:04,ImageLoad,usuario_21,8.8.8.8
case_151,2026-03-04 11:25:44,RegistryModify,usuario_21,\Users\Public
case_151,2026-03-04 11:31:52,FileModify,usuario_21,update.microsoft.com
case_151,2026-03-04 11:36:10,RemoteThread,usuario_21,cdn.contoso.com
case_151,2026-03-04 11:39:35,FileRead,usuario_21,update.microsoft.com
case_151,2026-03-04 11:40:17,DriverLoad,usuario_21,\Users\Documents
case_253,2026-03-05 08:08:11,LogonSuccess,usuario_06,-
case_253,2026-03-05 08:08:52,DnsQuery,usuario_06,\Device\Pipe
case_253,2026-03-05 08:13:29,ImageLoad,usuario_06,D:\backup
case_253,2026-03-05 08:15:25,FileCreate,usuario_06,D:\backup
case_253,2026-03-05 08:17:32,NetworkConnect,usuario_06,\Users\Documents
case_253,2026-03-05 08:20:34,ProcessExit,usuario_06,\Windows\System32
case_253,2026-03-05 08:25:45,ProcessExit,usuario_06,\Windows\System32
case_253,2026-03-05 08:27:23,ImageLoad,usuario_06,\\fileserver\financeiro
case_253,2026-03-05 08:29:51,FileModify,usuario_06,C:\temp
case_253,2026-03-05 08:33:10,PowerShellExec,usuario_06,cdn.contoso.com
case_253,2026-03-05 08:35:12,FileRead,usuario_06,\Device\Pipe
case_253,2026-03-05 08:36:00,WmiQuery,usuario_06,8.8.8.8
case_253,2026-03-05 08:39:34,PrintJob,usuario_06,C:\temp
case_253,2026-03-05 08:42:23,WmiQuery,usuario_06,update.microsoft.com
case_253,2026-03-05 08:43:15,ScheduledTaskQuery,usuario_06,HKLM\Software
case_164,2026-03-02 15:32:46,LogonSuccess,usuario_01,C:\temp
case_164,2026-03-02 15:35:16,ProcessExit,usuario_01,HKLM\Software
case_164,2026-03-02 15:40:44,NetworkConnect,usuario_01,-
case_164,2026-03-02 15:46:43,ProcessCreate,usuario_01,C:\temp
case_164,2026-03-02 15:47:09,DnsQuery,usuario_01,\Users\Public
case_164,2026-03-02 15:48:16,ProcessExit,usuario_01,\Device\Pipe
case_164,2026-03-02 15:54:40,ImageLoad,usuario_01,8.8.8.8
case_164,2026-03-02 15:58:23,DnsQuery,usuario_01,\Users\Documents
case_164,2026-03-02 16:03:43,DnsQuery,usuario_01,\Users\Public
case_164,2026-03-02 16:08:28,NetworkConnect,usuario_01,HKLM\Software
case_164,2026-03-02 16:12:24,RegistryModify,usuario_01,C:\temp
case_164,2026-03-02 16:16:22,PipeCreate,usuario_01,\\fileserver\rh
case_164,2026-03-02 16:22:36,PipeCreate,usuario_01,\\fileserver\rh
case_164,2026-03-02 16:27:12,WmiQuery,usuario_01,update.microsoft.com
case_164,2026-03-02 16:33:09,RemoteThread,usuario_01,8.8.8.8
case_164,2026-03-02 16:38:29,ScheduledTaskQuery,usuario_01,\\fileserver\rh
case_164,2026-03-02 16:45:04,PrintJob,usuario_01,8.8.8.8
case_164,2026-03-02 16:51:36,ScreenCapture,usuario_01,\Users\Public
case_164,2026-03-02 16:52:51,LogonOff,usuario_01,\Device\Pipe
case_233,2026-03-06 15:08:29,LogonSuccess,usuario_19,cdn.contoso.com
case_233,2026-03-06 15:14:18,FileCreate,usuario_19,HKLM\Software
case_233,2026-03-06 15:19:39,NetworkConnect,usuario_19,D:\backup
case_233,2026-03-06 15:25:24,ProcessExit,usuario_19,-
case_233,2026-03-06 15:29:37,ProcessExit,usuario_19,\Windows\System32
case_233,2026-03-06 15:32:05,ProcessCreate,usuario_19,D:\backup
case_233,2026-03-06 15:35:53,FileRead,usuario_19,-
case_233,2026-03-06 15:38:31,PipeCreate,usuario_19,cdn.contoso.com
case_240,2026-03-06 17:52:00,LogonSuccess,usuario_28,\\fileserver\rh
case_240,2026-03-06 17:53:54,FileCreate,usuario_28,\Users\Documents
case_240,2026-03-06 17:59:51,FileCreate,usuario_28,\\fileserver\rh
case_240,2026-03-06 18:02:59,ImageLoad,usuario_28,\Users\Documents
case_240,2026-03-06 18:07:15,FileCreate,usuario_28,\Device\Pipe
case_240,2026-03-06 18:12:37,ProcessCreate,usuario_28,update.microsoft.com
case_240,2026-03-06 18:17:21,NetworkConnect,usuario_28,-
case_240,2026-03-06 18:19:57,PowerShellExec,usuario_28,D:\backup
case_240,2026-03-06 18:21:24,FileRead,usuario_28,\\fileserver\financeiro
case_240,2026-03-06 18:25:20,ClipboardCapture,usuario_28,\\fileserver\financeiro
case_240,2026-03-06 18:31:18,WmiQuery,usuario_28,C:\temp
case_240,2026-03-06 18:36:34,LogonOff,usuario_28,\Users\Documents
case_043,2026-03-03 15:31:35,LogonSuccess,usuario_19,update.microsoft.com
case_043,2026-03-03 15:36:37,FileCreate,usuario_19,8.8.8.8
case_043,2026-03-03 15:37:03,ProcessExit,usuario_19,\Windows\System32
case_043,2026-03-03 15:41:54,NetworkConnect,usuario_19,\Users\Documents
case_043,2026-03-03 15:44:34,NetworkConnect,usuario_19,update.microsoft.com
case_043,2026-03-03 15:47:20,ProcessExit,usuario_19,\Windows\System32
case_043,2026-03-03 15:51:57,FileCreate,usuario_19,\Users\Documents
case_043,2026-03-03 15:58:02,DnsQuery,usuario_19,8.8.8.8
case_043,2026-03-03 15:59:53,FileCreate,usuario_19,\Users\Public
case_043,2026-03-03 16:01:02,RegistryModify,usuario_19,update.microsoft.com
case_043,2026-03-03 16:02:38,RegistryModify,usuario_19,HKLM\Software
case_043,2026-03-03 16:04:36,RegistryModify,usuario_19,-
case_043,2026-03-03 16:09:25,PipeCreate,usuario_19,\\fileserver\rh
case_043,2026-03-03 16:12:46,ScheduledTaskQuery,usuario_19,\\fileserver\rh
case_043,2026-03-03 16:16:29,WmiQuery,usuario_19,\Users\Public
case_043,2026-03-03 16:20:00,WmiQuery,usuario_19,8.8.8.8
case_043,2026-03-03 16:24:15,ScreenCapture,usuario_19,-
case_055,2026-03-04 08:25:19,LogonSuccess,usuario_05,cdn.contoso.com
case_055,2026-03-04 08:30:52,ImageLoad,usuario_05,-
case_055,2026-03-04 08:31:40,FileCreate,usuario_05,\\fileserver\rh
case_055,2026-03-04 08:37:41,FileCreate,usuario_05,\Users\Documents
case_055,2026-03-04 08:43:37,FileRead,usuario_05,\Users\Documents
case_055,2026-03-04 08:45:26,ServiceQuery,usuario_05,\Users\Public
case_055,2026-03-04 08:45:52,NetworkConnect,usuario_05,\Users\Documents
case_055,2026-03-04 08:47:22,PowerShellExec,usuario_05,\Users\Documents
case_055,2026-03-04 08:47:47,LogonOff,usuario_05,C:\temp
case_104,2026-03-03 15:13:09,LogonSuccess,usuario_21,\\fileserver\financeiro
case_104,2026-03-03 15:17:20,DnsQuery,usuario_21,\\fileserver\rh
case_104,2026-03-03 15:19:30,ProcessCreate,usuario_21,update.microsoft.com
case_104,2026-03-03 15:22:24,ProcessCreate,usuario_21,C:\temp
case_104,2026-03-03 15:23:41,DnsQuery,usuario_21,\\fileserver\financeiro
case_104,2026-03-03 15:24:20,FileCreate,usuario_21,D:\backup
case_104,2026-03-03 15:26:23,NetworkConnect,usuario_21,\Users\Public
case_104,2026-03-03 15:30:30,PipeCreate,usuario_21,update.microsoft.com
case_104,2026-03-03 15:31:02,FileRead,usuario_21,D:\backup
case_104,2026-03-03 15:35:29,ServiceQuery,usuario_21,update.microsoft.com
case_104,2026-03-03 15:37:07,FileModify,usuario_21,HKLM\Software
case_104,2026-03-03 15:40:21,PowerShellExec,usuario_21,cdn.contoso.com
case_104,2026-03-03 15:46:56,FileModify,usuario_21,update.microsoft.com
case_104,2026-03-03 15:49:54,FileModify,usuario_21,D:\backup
case_104,2026-03-03 15:53:01,ClipboardCapture,usuario_21,C:\temp
case_104,2026-03-03 15:54:11,PrintJob,usuario_21,update.microsoft.com
case_104,2026-03-03 16:00:17,ClipboardCapture,usuario_21,C:\temp
case_104,2026-03-03 16:02:22,LogonOff,usuario_21,\Users\Documents
case_199,2026-03-03 14:22:37,LogonSuccess,usuario_05,D:\backup
case_199,2026-03-03 14:24:08,ProcessExit,usuario_05,-
case_199,2026-03-03 14:27:02,ImageLoad,usuario_05,D:\backup
case_199,2026-03-03 14:29:26,ProcessCreate,usuario_05,-
case_199,2026-03-03 14:34:08,ProcessCreate,usuario_05,\\fileserver\financeiro
case_199,2026-03-03 14:35:33,ImageLoad,usuario_05,-
case_199,2026-03-03 14:40:31,NetworkConnect,usuario_05,-
case_199,2026-03-03 14:43:21,ImageLoad,usuario_05,\Windows\System32
case_199,2026-03-03 14:47:02,ProcessExit,usuario_05,C:\temp
case_199,2026-03-03 14:50:48,DnsQuery,usuario_05,\Device\Pipe
case_199,2026-03-03 14:51:11,NetworkConnect,usuario_05,cdn.contoso.com
case_199,2026-03-03 14:55:56,DnsQuery,usuario_05,cdn.contoso.com
case_199,2026-03-03 14:56:43,NetworkConnect,usuario_05,\Users\Public
case_199,2026-03-03 14:57:31,FileRead,usuario_05,\\fileserver\rh
case_199,2026-03-03 15:03:23,FileRead,usuario_05,\Users\Public
case_199,2026-03-03 15:06:33,FileModify,usuario_05,-
case_199,2026-03-03 15:07:42,FileRead,usuario_05,\\fileserver\rh
case_199,2026-03-03 15:12:51,PowerShellExec,usuario_05,cdn.contoso.com
case_199,2026-03-03 15:19:04,FileModify,usuario_05,\\fileserver\financeiro
case_199,2026-03-03 15:19:55,FileModify,usuario_05,\Users\Public
case_199,2026-03-03 15:26:34,DriverLoad,usuario_05,-
case_199,2026-03-03 15:32:39,LogonOff,usuario_05,update.microsoft.com
case_280,2026-03-04 07:54:22,LogonSuccess,usuario_10,\\fileserver\financeiro
case_280,2026-03-04 07:55:08,ProcessCreate,usuario_10,D:\backup
case_280,2026-03-04 07:59:52,NetworkConnect,usuario_10,-
case_280,2026-03-04 08:01:15,ImageLoad,usuario_10,cdn.contoso.com
case_280,2026-03-04 08:05:44,NetworkConnect,usuario_10,8.8.8.8
case_280,2026-03-04 08:10:27,ProcessCreate,usuario_10,\Windows\System32
case_280,2026-03-04 08:16:28,ProcessCreate,usuario_10,D:\backup
case_280,2026-03-04 08:21:28,PowerShellExec,usuario_10,\Users\Documents
case_280,2026-03-04 08:26:37,ServiceQuery,usuario_10,update.microsoft.com
case_280,2026-03-04 08:27:31,FileModify,usuario_10,C:\temp
case_280,2026-03-04 08:31:04,ScheduledTaskQuery,usuario_10,\\fileserver\financeiro
case_280,2026-03-04 08:37:02,ScheduledTaskQuery,usuario_10,\Users\Documents
case_280,2026-03-04 08:41:07,RemoteThread,usuario_10,\Users\Documents
case_280,2026-03-04 08:47:36,ClipboardCapture,usuario_10,\Device\Pipe
case_280,2026-03-04 08:50:12,LogonOff,usuario_10,C:\temp
case_241,2026-03-05 17:47:03,LogonSuccess,usuario_24,cdn.contoso.com
case_241,2026-03-05 17:48:19,DnsQuery,usuario_24,\Users\Public
case_241,2026-03-05 17:53:20,ProcessExit,usuario_24,\Users\Documents
case_241,2026-03-05 17:56:11,ProcessExit,usuario_24,C:\temp
case_241,2026-03-05 17:59:28,ProcessExit,usuario_24,\\fileserver\rh
case_241,2026-03-05 18:03:39,ProcessCreate,usuario_24,8.8.8.8
case_241,2026-03-05 18:08:42,ImageLoad,usuario_24,\Users\Public
case_241,2026-03-05 18:13:20,FileCreate,usuario_24,C:\temp
case_241,2026-03-05 18:17:03,NetworkConnect,usuario_24,update.microsoft.com
case_241,2026-03-05 18:19:02,ProcessExit,usuario_24,C:\temp
case_241,2026-03-05 18:25:10,NetworkConnect,usuario_24,HKLM\Software
case_241,2026-03-05 18:25:38,ProcessExit,usuario_24,HKLM\Software
case_241,2026-03-05 18:32:13,FileCreate,usuario_24,\Users\Documents
case_241,2026-03-05 18:35:34,PowerShellExec,usuario_24,update.microsoft.com
case_241,2026-03-05 18:41:01,FileModify,usuario_24,D:\backup
case_241,2026-03-05 18:42:38,FileModify,usuario_24,-
case_241,2026-03-05 18:47:29,FileRead,usuario_24,update.microsoft.com
case_241,2026-03-05 18:48:13,FileRead,usuario_24,D:\backup
case_241,2026-03-05 18:53:05,PipeCreate,usuario_24,\\fileserver\financeiro
case_241,2026-03-05 18:58:01,LogonOff,usuario_24,HKLM\Software
case_027,2026-03-04 15:00:57,LogonSuccess,usuario_08,C:\temp
case_027,2026-03-04 15:02:27,NetworkConnect,usuario_08,\Windows\System32
case_027,2026-03-04 15:05:13,ProcessExit,usuario_08,cdn.contoso.com
case_027,2026-03-04 15:11:29,FileCreate,usuario_08,C:\temp
case_027,2026-03-04 15:17:50,ProcessCreate,usuario_08,cdn.contoso.com
case_027,2026-03-04 15:21:59,FileCreate,usuario_08,-
case_027,2026-03-04 15:22:21,DnsQuery,usuario_08,\Users\Public
case_027,2026-03-04 15:22:50,ProcessExit,usuario_08,\\fileserver\rh
case_027,2026-03-04 15:25:00,PipeCreate,usuario_08,C:\temp
case_027,2026-03-04 15:30:00,DnsQuery,usuario_08,\Users\Documents
case_027,2026-03-04 15:35:31,FileRead,usuario_08,update.microsoft.com
case_027,2026-03-04 15:39:27,ProcessExit,usuario_08,\Users\Public
case_027,2026-03-04 15:42:14,FileCreate,usuario_08,HKLM\Software
case_027,2026-03-04 15:45:08,ProcessExit,usuario_08,\Users\Public
case_027,2026-03-04 15:45:52,RegistryModify,usuario_08,HKLM\Software
case_027,2026-03-04 15:49:46,FileModify,usuario_08,\Device\Pipe
case_027,2026-03-04 15:55:24,FileModify,usuario_08,cdn.contoso.com
case_027,2026-03-04 15:56:16,PipeCreate,usuario_08,\Users\Public
case_027,2026-03-04 16:00:51,PrintJob,usuario_08,-
case_027,2026-03-04 16:05:45,ScheduledTaskQuery,usuario_08,\Windows\System32
case_027,2026-03-04 16:11:28,LogonOff,usuario_08,update.microsoft.com
case_111,2026-03-03 11:27:50,LogonSuccess,usuario_12,\\fileserver\financeiro
case_111,2026-03-03 11:32:41,ProcessCreate,usuario_12,\Device\Pipe
case_111,2026-03-03 11:33:22,ImageLoad,usuario_12,\Users\Public
case_111,2026-03-03 11:38:14,ProcessExit,usuario_12,\Device\Pipe
case_111,2026-03-03 11:41:35,NetworkConnect,usuario_12,8.8.8.8
case_111,2026-03-03 11:47:07,ProcessExit,usuario_12,\Device\Pipe
case_111,2026-03-03 11:49:46,DnsQuery,usuario_12,\\fileserver\financeiro
case_111,2026-03-03 11:52:24,FileCreate,usuario_12,\\fileserver\rh
case_111,2026-03-03 11:53:34,PipeCreate,usuario_12,\\fileserver\rh
case_111,2026-03-03 11:59:29,FileRead,usuario_12,-
case_111,2026-03-03 12:03:09,FileModify,usuario_12,cdn.contoso.com
case_111,2026-03-03 12:09:14,FileModify,usuario_12,\Users\Documents
case_111,2026-03-03 12:11:37,RegistryModify,usuario_12,\Users\Documents
case_111,2026-03-03 12:17:41,ServiceQuery,usuario_12,-
case_111,2026-03-03 12:19:40,ServiceQuery,usuario_12,update.microsoft.com
case_111,2026-03-03 12:22:52,PowerShellExec,usuario_12,\Device\Pipe
case_111,2026-03-03 12:29:05,RemoteThread,usuario_12,C:\temp
case_111,2026-03-03 12:32:05,DriverLoad,usuario_12,update.microsoft.com
case_111,2026-03-03 12:32:30,LogonOff,usuario_12,\Device\Pipe
case_217,2026-03-02 07:39:56,LogonSuccess,usuario_15,\Users\Documents
case_217,2026-03-02 07:46:24,ProcessExit,usuario_15,C:\temp
case_217,2026-03-02 07:48:08,ImageLoad,usuario_15,update.microsoft.com
case_217,2026-03-02 07:54:34,FileCreate,usuario_15,cdn.contoso.com
case_217,2026-03-02 07:54:59,FileCreate,usuario_15,\\fileserver\financeiro
case_217,2026-03-02 07:58:52,DnsQuery,usuario_15,C:\temp
case_217,2026-03-02 08:00:28,ProcessCreate,usuario_15,cdn.contoso.com
case_217,2026-03-02 08:01:22,ProcessExit,usuario_15,\Windows\System32
case_217,2026-03-02 08:04:21,RegistryModify,usuario_15,\Users\Documents
case_217,2026-03-02 08:06:17,FileRead,usuario_15,HKLM\Software
case_217,2026-03-02 08:12:32,ScheduledTaskQuery,usuario_15,\Users\Public
case_217,2026-03-02 08:17:27,ScheduledTaskQuery,usuario_15,cdn.contoso.com
case_217,2026-03-02 08:20:36,ScreenCapture,usuario_15,\Users\Public
case_217,2026-03-02 08:21:27,LogonOff,usuario_15,-
case_203,2026-03-05 17:33:03,LogonSuccess,usuario_10,C:\temp
case_203,2026-03-05 17:35:41,NetworkConnect,usuario_10,\Users\Documents
case_203,2026-03-05 17:36:22,DnsQuery,usuario_10,\Users\Public
case_203,2026-03-05 17:37:00,FileCreate,usuario_10,cdn.contoso.com
case_203,2026-03-05 17:41:39,NetworkConnect,usuario_10,HKLM\Software
case_203,2026-03-05 17:47:31,ImageLoad,usuario_10,\\fileserver\financeiro
case_203,2026-03-05 17:51:31,ProcessExit,usuario_10,cdn.contoso.com
case_203,2026-03-05 17:54:26,ProcessCreate,usuario_10,D:\backup
case_203,2026-03-05 17:56:42,ImageLoad,usuario_10,\Windows\System32
case_203,2026-03-05 17:57:30,ProcessExit,usuario_10,\Windows\System32
case_203,2026-03-05 17:59:30,RegistryModify,usuario_10,update.microsoft.com
case_203,2026-03-05 18:05:01,RegistryModify,usuario_10,8.8.8.8
case_203,2026-03-05 18:11:10,PrintJob,usuario_10,\Device\Pipe
case_203,2026-03-05 18:17:47,PrintJob,usuario_10,\Windows\System32
case_203,2026-03-05 18:22:49,PipeCreate,usuario_10,cdn.contoso.com
case_203,2026-03-05 18:23:35,LogonOff,usuario_10,8.8.8.8
case_242,2026-03-03 13:23:10,LogonSuccess,usuario_17,8.8.8.8
case_242,2026-03-03 13:27:33,ImageLoad,usuario_17,cdn.contoso.com
case_242,2026-03-03 13:30:37,FileCreate,usuario_17,C:\temp
case_242,2026-03-03 13:37:06,ServiceQuery,usuario_17,\\fileserver\rh
case_242,2026-03-03 13:37:26,RegistryModify,usuario_17,\Users\Public
case_242,2026-03-03 13:39:54,FileRead,usuario_17,\Users\Documents
case_242,2026-03-03 13:44:58,FileRead,usuario_17,\Device\Pipe
case_242,2026-03-03 13:47:57,PrintJob,usuario_17,HKLM\Software
case_242,2026-03-03 13:54:32,LogonOff,usuario_17,-
case_225,2026-03-06 18:42:23,LogonSuccess,usuario_02,cdn.contoso.com
case_225,2026-03-06 18:48:35,DnsQuery,usuario_02,-
case_225,2026-03-06 18:50:59,DnsQuery,usuario_02,\Users\Documents
case_225,2026-03-06 18:55:47,DnsQuery,usuario_02,-
case_225,2026-03-06 19:00:01,ImageLoad,usuario_02,\Windows\System32
case_225,2026-03-06 19:01:00,ProcessCreate,usuario_02,\\fileserver\financeiro
case_225,2026-03-06 19:04:30,ImageLoad,usuario_02,\Windows\System32
case_225,2026-03-06 19:06:05,ImageLoad,usuario_02,-
case_225,2026-03-06 19:12:35,ProcessCreate,usuario_02,\Device\Pipe
case_225,2026-03-06 19:13:46,PipeCreate,usuario_02,8.8.8.8
case_225,2026-03-06 19:18:28,FileRead,usuario_02,\Users\Documents
case_225,2026-03-06 19:19:28,LogonOff,usuario_02,\\fileserver\financeiro
case_008,2026-03-03 11:33:10,LogonSuccess,usuario_26,D:\backup
case_008,2026-03-03 11:38:05,ProcessCreate,usuario_26,\Device\Pipe
case_008,2026-03-03 11:44:33,FileCreate,usuario_26,\Users\Documents
case_008,2026-03-03 11:51:10,ProcessCreate,usuario_26,\Device\Pipe
case_008,2026-03-03 11:53:10,NetworkConnect,usuario_26,\\fileserver\financeiro
case_008,2026-03-03 11:57:10,ProcessExit,usuario_26,\Users\Public
case_008,2026-03-03 12:03:10,NetworkConnect,usuario_26,\\fileserver\financeiro
case_008,2026-03-03 12:08:49,ImageLoad,usuario_26,\\fileserver\financeiro
case_008,2026-03-03 12:14:48,DnsQuery,usuario_26,\Users\Public
case_008,2026-03-03 12:21:16,PowerShellExec,usuario_26,\\fileserver\rh
case_008,2026-03-03 12:25:55,DnsQuery,usuario_26,\\fileserver\rh
case_008,2026-03-03 12:31:56,NetworkConnect,usuario_26,8.8.8.8
case_008,2026-03-03 12:35:03,ImageLoad,usuario_26,8.8.8.8
case_008,2026-03-03 12:41:19,FileRead,usuario_26,\\fileserver\rh
case_008,2026-03-03 12:46:22,FileRead,usuario_26,C:\temp
case_008,2026-03-03 12:48:20,RegistryModify,usuario_26,8.8.8.8
case_008,2026-03-03 12:54:20,PipeCreate,usuario_26,8.8.8.8
case_008,2026-03-03 13:00:26,PrintJob,usuario_26,\Users\Documents
case_008,2026-03-03 13:02:15,ScheduledTaskQuery,usuario_26,-
case_008,2026-03-03 13:07:26,LogonOff,usuario_26,\\fileserver\rh
case_090,2026-03-06 11:38:35,LogonSuccess,usuario_15,D:\backup
case_090,2026-03-06 11:42:35,DnsQuery,usuario_15,D:\backup
case_090,2026-03-06 11:45:24,ProcessExit,usuario_15,-
case_090,2026-03-06 11:47:42,DnsQuery,usuario_15,D:\backup
case_090,2026-03-06 11:48:05,FileCreate,usuario_15,update.microsoft.com
case_090,2026-03-06 11:51:36,FileCreate,usuario_15,HKLM\Software
case_090,2026-03-06 11:55:26,FileCreate,usuario_15,update.microsoft.com
case_090,2026-03-06 11:59:29,ImageLoad,usuario_15,8.8.8.8
case_090,2026-03-06 12:01:56,FileModify,usuario_15,C:\temp
case_090,2026-03-06 12:08:22,FileRead,usuario_15,\Users\Documents
case_090,2026-03-06 12:14:12,RegistryModify,usuario_15,8.8.8.8
case_090,2026-03-06 12:17:45,WmiQuery,usuario_15,HKLM\Software
case_090,2026-03-06 12:20:19,ClipboardCapture,usuario_15,\Users\Public
case_090,2026-03-06 12:24:15,ScheduledTaskQuery,usuario_15,\Device\Pipe
case_090,2026-03-06 12:26:37,LogonOff,usuario_15,update.microsoft.com
case_162,2026-03-03 17:39:13,LogonSuccess,usuario_21,\Device\Pipe
case_162,2026-03-03 17:45:52,ImageLoad,usuario_21,HKLM\Software
case_162,2026-03-03 17:50:29,ProcessCreate,usuario_21,-
case_162,2026-03-03 17:56:49,ImageLoad,usuario_21,\Windows\System32
case_162,2026-03-03 17:59:08,FileCreate,usuario_21,\Windows\System32
case_162,2026-03-03 18:04:43,ProcessCreate,usuario_21,D:\backup
case_162,2026-03-03 18:06:06,ProcessExit,usuario_21,\\fileserver\rh
case_162,2026-03-03 18:08:27,NetworkConnect,usuario_21,\Users\Documents
case_162,2026-03-03 18:12:26,ProcessCreate,usuario_21,D:\backup
case_162,2026-03-03 18:14:50,NetworkConnect,usuario_21,-
case_162,2026-03-03 18:15:50,ProcessExit,usuario_21,\Windows\System32
case_162,2026-03-03 18:17:20,ImageLoad,usuario_21,\\fileserver\financeiro
case_162,2026-03-03 18:21:55,NetworkConnect,usuario_21,\\fileserver\rh
case_162,2026-03-03 18:23:58,NetworkConnect,usuario_21,C:\temp
case_162,2026-03-03 18:27:30,DnsQuery,usuario_21,HKLM\Software
case_162,2026-03-03 18:33:18,DnsQuery,usuario_21,\Windows\System32
case_162,2026-03-03 18:35:39,PowerShellExec,usuario_21,\Users\Documents
case_162,2026-03-03 18:41:05,FileModify,usuario_21,cdn.contoso.com
case_162,2026-03-03 18:47:43,FileRead,usuario_21,\\fileserver\financeiro
case_162,2026-03-03 18:49:11,RemoteThread,usuario_21,\\fileserver\rh
case_162,2026-03-03 18:52:13,PrintJob,usuario_21,\Device\Pipe
case_162,2026-03-03 18:52:53,LogonOff,usuario_21,update.microsoft.com
case_194,2026-03-05 12:05:44,LogonSuccess,usuario_02,D:\backup
case_194,2026-03-05 12:09:18,ProcessCreate,usuario_02,\\fileserver\rh
case_194,2026-03-05 12:15:35,FileCreate,usuario_02,C:\temp
case_194,2026-03-05 12:17:05,ImageLoad,usuario_02,-
case_194,2026-03-05 12:21:20,ImageLoad,usuario_02,\Users\Public
case_194,2026-03-05 12:22:44,ServiceQuery,usuario_02,\\fileserver\financeiro
case_194,2026-03-05 12:24:19,PowerShellExec,usuario_02,D:\backup
case_194,2026-03-05 12:29:38,ProcessExit,usuario_02,8.8.8.8
case_194,2026-03-05 12:35:24,RegistryModify,usuario_02,cdn.contoso.com
case_194,2026-03-05 12:41:26,FileRead,usuario_02,\Users\Public
case_194,2026-03-05 12:46:13,ServiceQuery,usuario_02,update.microsoft.com
case_194,2026-03-05 12:48:36,PrintJob,usuario_02,-
case_194,2026-03-05 12:53:00,ScreenCapture,usuario_02,\Device\Pipe
case_194,2026-03-05 12:57:30,ClipboardCapture,usuario_02,\\fileserver\rh
case_194,2026-03-05 13:00:34,LogonOff,usuario_02,D:\backup
case_265,2026-03-03 09:35:34,LogonSuccess,usuario_13,\Windows\System32
case_265,2026-03-03 09:39:42,ProcessExit,usuario_13,-
case_265,2026-03-03 09:45:35,FileCreate,usuario_13,\Device\Pipe
case_265,2026-03-03 09:50:17,ImageLoad,usuario_13,D:\backup
case_265,2026-03-03 09:54:04,FileModify,usuario_13,HKLM\Software
case_265,2026-03-03 09:55:58,RegistryModify,usuario_13,\Users\Public
case_265,2026-03-03 09:56:39,ClipboardCapture,usuario_13,8.8.8.8
case_265,2026-03-03 09:57:53,LogonOff,usuario_13,\Users\Documents
case_273,2026-03-05 08:16:27,LogonSuccess,usuario_10,\\fileserver\rh
case_273,2026-03-05 08:22:09,ImageLoad,usuario_10,\\fileserver\rh
case_273,2026-03-05 08:24:47,NetworkConnect,usuario_10,\\fileserver\rh
case_273,2026-03-05 08:30:11,ProcessCreate,usuario_10,update.microsoft.com
case_273,2026-03-05 08:32:27,FileCreate,usuario_10,\\fileserver\financeiro
case_273,2026-03-05 08:35:32,ProcessCreate,usuario_10,HKLM\Software
case_273,2026-03-05 08:40:41,ImageLoad,usuario_10,HKLM\Software
case_273,2026-03-05 08:43:59,DnsQuery,usuario_10,\\fileserver\rh
case_273,2026-03-05 08:45:57,DnsQuery,usuario_10,\\fileserver\financeiro
case_273,2026-03-05 08:50:42,ProcessExit,usuario_10,\Device\Pipe
case_273,2026-03-05 08:54:32,NetworkConnect,usuario_10,\\fileserver\rh
case_273,2026-03-05 08:57:07,ProcessCreate,usuario_10,-
case_273,2026-03-05 09:01:04,PowerShellExec,usuario_10,\Device\Pipe
case_273,2026-03-05 09:07:01,FileRead,usuario_10,HKLM\Software
case_273,2026-03-05 09:12:34,PrintJob,usuario_10,D:\backup
case_273,2026-03-05 09:14:05,ScheduledTaskQuery,usuario_10,D:\backup
case_273,2026-03-05 09:20:17,LogonOff,usuario_10,\\fileserver\rh
case_137,2026-03-03 18:03:43,LogonSuccess,usuario_22,cdn.contoso.com
case_137,2026-03-03 18:09:46,FileCreate,usuario_22,cdn.contoso.com
case_137,2026-03-03 18:15:25,ProcessCreate,usuario_22,D:\backup
case_137,2026-03-03 18:18:00,ProcessExit,usuario_22,\\fileserver\financeiro
case_137,2026-03-03 18:19:55,ProcessExit,usuario_22,HKLM\Software
case_137,2026-03-03 18:21:49,FileCreate,usuario_22,\Users\Public
case_137,2026-03-03 18:27:18,DnsQuery,usuario_22,\\fileserver\rh
case_137,2026-03-03 18:33:22,ProcessCreate,usuario_22,\Users\Public
case_137,2026-03-03 18:37:24,ImageLoad,usuario_22,update.microsoft.com
case_137,2026-03-03 18:37:53,FileCreate,usuario_22,\Windows\System32
case_137,2026-03-03 18:41:35,ProcessExit,usuario_22,\Users\Public
case_137,2026-03-03 18:42:01,ImageLoad,usuario_22,C:\temp
case_137,2026-03-03 18:47:56,FileCreate,usuario_22,cdn.contoso.com
case_137,2026-03-03 18:52:11,FileRead,usuario_22,\Users\Documents
case_137,2026-03-03 18:55:58,ProcessCreate,usuario_22,\Device\Pipe
case_137,2026-03-03 19:01:26,ServiceQuery,usuario_22,\Users\Documents
case_137,2026-03-03 19:05:55,ClipboardCapture,usuario_22,\\fileserver\rh
case_137,2026-03-03 19:11:31,ClipboardCapture,usuario_22,-
case_137,2026-03-03 19:14:55,LogonOff,usuario_22,\Users\Documents
case_177,2026-03-03 10:47:21,LogonSuccess,usuario_21,\\fileserver\financeiro
case_177,2026-03-03 10:50:45,ProcessCreate,usuario_21,\Users\Documents
case_177,2026-03-03 10:54:10,ProcessCreate,usuario_21,\Users\Documents
case_177,2026-03-03 10:59:31,ImageLoad,usuario_21,update.microsoft.com
case_177,2026-03-03 11:05:00,ImageLoad,usuario_21,\\fileserver\financeiro
case_177,2026-03-03 11:07:21,FileCreate,usuario_21,\Device\Pipe
case_177,2026-03-03 11:10:02,NetworkConnect,usuario_21,HKLM\Software
case_177,2026-03-03 11:15:21,DnsQuery,usuario_21,8.8.8.8
case_177,2026-03-03 11:16:25,ProcessCreate,usuario_21,\Users\Public
case_177,2026-03-03 11:17:51,FileCreate,usuario_21,\Device\Pipe
case_177,2026-03-03 11:24:31,ImageLoad,usuario_21,-
case_177,2026-03-03 11:25:52,NetworkConnect,usuario_21,\Windows\System32
case_177,2026-03-03 11:31:12,FileRead,usuario_21,\Device\Pipe
case_177,2026-03-03 11:33:09,LogonOff,usuario_21,HKLM\Software
case_209,2026-03-06 09:08:59,LogonSuccess,usuario_08,8.8.8.8
case_209,2026-03-06 09:12:55,ProcessExit,usuario_08,\\fileserver\financeiro
case_209,2026-03-06 09:14:20,ProcessExit,usuario_08,8.8.8.8
case_209,2026-03-06 09:20:36,FileCreate,usuario_08,update.microsoft.com
case_209,2026-03-06 09:22:59,ImageLoad,usuario_08,\Users\Documents
case_209,2026-03-06 09:25:49,NetworkConnect,usuario_08,\Users\Public
case_209,2026-03-06 09:29:01,ProcessExit,usuario_08,\\fileserver\financeiro
case_209,2026-03-06 09:34:23,FileCreate,usuario_08,-
case_209,2026-03-06 09:39:58,DnsQuery,usuario_08,\Users\Public
case_209,2026-03-06 09:46:27,FileRead,usuario_08,\Windows\System32
case_209,2026-03-06 09:47:24,FileRead,usuario_08,\Users\Documents
case_209,2026-03-06 09:50:45,PipeCreate,usuario_08,cdn.contoso.com
case_209,2026-03-06 09:54:34,FileModify,usuario_08,\Device\Pipe
case_209,2026-03-06 09:58:44,ScheduledTaskQuery,usuario_08,\Users\Documents
case_209,2026-03-06 10:02:47,ClipboardCapture,usuario_08,\\fileserver\rh
case_209,2026-03-06 10:07:11,LogonOff,usuario_08,\Users\Documents
case_134,2026-03-05 14:13:47,LogonSuccess,usuario_07,\\fileserver\rh
case_134,2026-03-05 14:17:11,ImageLoad,usuario_07,8.8.8.8
case_134,2026-03-05 14:19:55,ImageLoad,usuario_07,\\fileserver\rh
case_134,2026-03-05 14:25:28,ProcessCreate,usuario_07,D:\backup
case_134,2026-03-05 14:28:03,ImageLoad,usuario_07,update.microsoft.com
case_134,2026-03-05 14:31:03,ProcessCreate,usuario_07,8.8.8.8
case_134,2026-03-05 14:32:47,NetworkConnect,usuario_07,\\fileserver\financeiro
case_134,2026-03-05 14:39:24,ImageLoad,usuario_07,cdn.contoso.com
case_134,2026-03-05 14:41:01,FileRead,usuario_07,update.microsoft.com
case_134,2026-03-05 14:46:57,FileModify,usuario_07,\Device\Pipe
case_134,2026-03-05 14:51:02,ProcessCreate,usuario_07,\Windows\System32
case_134,2026-03-05 14:52:58,RegistryModify,usuario_07,C:\temp
case_134,2026-03-05 14:53:45,ClipboardCapture,usuario_07,HKLM\Software
case_134,2026-03-05 14:55:38,DriverLoad,usuario_07,\Windows\System32
case_134,2026-03-05 14:59:58,PrintJob,usuario_07,\\fileserver\rh
case_134,2026-03-05 15:01:41,ScreenCapture,usuario_07,\Users\Documents
case_227,2026-03-05 10:05:43,LogonSuccess,usuario_20,\Windows\System32
case_227,2026-03-05 10:08:58,ImageLoad,usuario_20,\\fileserver\financeiro
case_227,2026-03-05 10:12:01,ProcessCreate,usuario_20,\\fileserver\financeiro
case_227,2026-03-05 10:16:08,DnsQuery,usuario_20,C:\temp
case_227,2026-03-05 10:20:24,DnsQuery,usuario_20,\Users\Documents
case_227,2026-03-05 10:24:59,NetworkConnect,usuario_20,HKLM\Software
case_227,2026-03-05 10:29:51,ImageLoad,usuario_20,\Users\Documents
case_227,2026-03-05 10:31:38,ProcessExit,usuario_20,\Device\Pipe
case_227,2026-03-05 10:35:17,ImageLoad,usuario_20,\\fileserver\rh
case_227,2026-03-05 10:39:03,FileModify,usuario_20,\Windows\System32
case_227,2026-03-05 10:45:01,DriverLoad,usuario_20,-
case_227,2026-03-05 10:46:01,LogonOff,usuario_20,\Device\Pipe
case_088,2026-03-04 11:26:23,LogonSuccess,usuario_24,\\fileserver\financeiro
case_088,2026-03-04 11:30:18,ProcessExit,usuario_24,\Device\Pipe
case_088,2026-03-04 11:35:51,ProcessExit,usuario_24,-
case_088,2026-03-04 11:39:38,ProcessCreate,usuario_24,\Users\Public
case_088,2026-03-04 11:40:38,ImageLoad,usuario_24,C:\temp
case_088,2026-03-04 11:43:53,ProcessExit,usuario_24,HKLM\Software
case_088,2026-03-04 11:46:53,FileRead,usuario_24,\\fileserver\financeiro
case_088,2026-03-04 11:52:47,FileModify,usuario_24,\\fileserver\rh
case_088,2026-03-04 11:59:10,FileModify,usuario_24,\\fileserver\rh
case_088,2026-03-04 12:04:39,ServiceQuery,usuario_24,\Device\Pipe
case_088,2026-03-04 12:08:21,PrintJob,usuario_24,\\fileserver\rh
case_088,2026-03-04 12:12:28,WmiQuery,usuario_24,D:\backup
case_088,2026-03-04 12:15:53,LogonOff,usuario_24,\Users\Documents
case_038,2026-03-05 14:17:32,LogonSuccess,usuario_28,\Users\Public
case_038,2026-03-05 14:23:19,NetworkConnect,usuario_28,\\fileserver\rh
case_038,2026-03-05 14:26:47,ImageLoad,usuario_28,-
case_038,2026-03-05 14:29:00,ImageLoad,usuario_28,HKLM\Software
case_038,2026-03-05 14:30:28,ImageLoad,usuario_28,cdn.contoso.com
case_038,2026-03-05 14:32:06,ProcessExit,usuario_28,cdn.contoso.com
case_038,2026-03-05 14:37:36,ProcessExit,usuario_28,\\fileserver\financeiro
case_038,2026-03-05 14:41:28,ImageLoad,usuario_28,\Users\Documents
case_038,2026-03-05 14:46:29,ProcessCreate,usuario_28,cdn.contoso.com
case_038,2026-03-05 14:51:24,FileRead,usuario_28,D:\backup
case_038,2026-03-05 14:57:24,PipeCreate,usuario_28,HKLM\Software
case_038,2026-03-05 14:59:50,WmiQuery,usuario_28,\Device\Pipe
case_038,2026-03-05 15:05:15,LogonOff,usuario_28,D:\backup
case_042,2026-03-05 13:19:05,LogonSuccess,usuario_30,\\fileserver\rh
case_042,2026-03-05 13:22:29,ProcessExit,usuario_30,update.microsoft.com
case_042,2026-03-05 13:27:03,NetworkConnect,usuario_30,cdn.contoso.com
case_042,2026-03-05 13:28:13,FileCreate,usuario_30,D:\backup
case_042,2026-03-05 13:34:42,RegistryModify,usuario_30,cdn.contoso.com
case_042,2026-03-05 13:37:45,FileRead,usuario_30,HKLM\Software
case_042,2026-03-05 13:41:14,RegistryModify,usuario_30,\\fileserver\financeiro
case_042,2026-03-05 13:45:05,ProcessExit,usuario_30,\Windows\System32
case_042,2026-03-05 13:50:13,ImageLoad,usuario_30,HKLM\Software
case_042,2026-03-05 13:56:52,PipeCreate,usuario_30,C:\temp
case_042,2026-03-05 13:57:20,FileModify,usuario_30,\\fileserver\rh
case_042,2026-03-05 14:02:23,FileModify,usuario_30,-
case_042,2026-03-05 14:07:39,ScheduledTaskQuery,usuario_30,\Users\Documents
case_042,2026-03-05 14:11:32,WmiQuery,usuario_30,\\fileserver\rh
case_042,2026-03-05 14:13:10,ScheduledTaskQuery,usuario_30,HKLM\Software
case_042,2026-03-05 14:16:18,LogonOff,usuario_30,HKLM\Software
case_017,2026-03-05 07:44:20,LogonSuccess,usuario_08,\Device\Pipe
case_017,2026-03-05 07:47:07,NetworkConnect,usuario_08,HKLM\Software
case_017,2026-03-05 07:48:13,ProcessExit,usuario_08,8.8.8.8
case_017,2026-03-05 07:49:23,ProcessExit,usuario_08,D:\backup
case_017,2026-03-05 07:55:07,NetworkConnect,usuario_08,\Users\Documents
case_017,2026-03-05 07:56:18,ProcessCreate,usuario_08,cdn.contoso.com
case_017,2026-03-05 07:58:03,ProcessExit,usuario_08,\Users\Documents
case_017,2026-03-05 08:00:56,DnsQuery,usuario_08,\Windows\System32
case_017,2026-03-05 08:01:39,ProcessCreate,usuario_08,\\fileserver\financeiro
case_017,2026-03-05 08:02:27,ProcessCreate,usuario_08,\\fileserver\rh
case_017,2026-03-05 08:05:50,PipeCreate,usuario_08,\\fileserver\financeiro
case_017,2026-03-05 08:09:50,FileRead,usuario_08,C:\temp
case_017,2026-03-05 08:12:15,ServiceQuery,usuario_08,update.microsoft.com
case_017,2026-03-05 08:16:05,DriverLoad,usuario_08,-
case_017,2026-03-05 08:22:14,ClipboardCapture,usuario_08,D:\backup
case_017,2026-03-05 08:24:06,DriverLoad,usuario_08,C:\temp
case_017,2026-03-05 08:25:55,ClipboardCapture,usuario_08,\Users\Public
case_017,2026-03-05 08:31:27,ScreenCapture,usuario_08,8.8.8.8
case_017,2026-03-05 08:37:04,LogonOff,usuario_08,\Device\Pipe
case_023,2026-03-06 17:36:39,LogonSuccess,usuario_28,\\fileserver\rh
case_023,2026-03-06 17:38:49,ProcessCreate,usuario_28,D:\backup
case_023,2026-03-06 17:43:31,NetworkConnect,usuario_28,\Users\Public
case_023,2026-03-06 17:46:47,ProcessCreate,usuario_28,8.8.8.8
case_023,2026-03-06 17:48:03,ProcessExit,usuario_28,\\fileserver\rh
case_023,2026-03-06 17:54:10,ImageLoad,usuario_28,\Device\Pipe
case_023,2026-03-06 17:59:33,ProcessCreate,usuario_28,cdn.contoso.com
case_023,2026-03-06 18:04:22,ImageLoad,usuario_28,\Device\Pipe
case_023,2026-03-06 18:07:19,DnsQuery,usuario_28,\Windows\System32
case_023,2026-03-06 18:09:31,ProcessExit,usuario_28,8.8.8.8
case_023,2026-03-06 18:14:57,PowerShellExec,usuario_28,\Windows\System32
case_023,2026-03-06 18:15:20,FileModify,usuario_28,HKLM\Software
case_023,2026-03-06 18:18:14,FileRead,usuario_28,HKLM\Software
case_023,2026-03-06 18:19:44,FileRead,usuario_28,D:\backup
case_023,2026-03-06 18:22:14,RegistryModify,usuario_28,\\fileserver\rh
case_023,2026-03-06 18:25:21,ScheduledTaskQuery,usuario_28,\Users\Public
case_023,2026-03-06 18:25:44,PrintJob,usuario_28,cdn.contoso.com
case_023,2026-03-06 18:29:44,LogonOff,usuario_28,C:\temp
case_197,2026-03-03 12:40:57,LogonSuccess,usuario_06,update.microsoft.com
case_197,2026-03-03 12:43:28,ProcessCreate,usuario_06,\Device\Pipe
case_197,2026-03-03 12:47:57,ProcessExit,usuario_06,\\fileserver\rh
case_197,2026-03-03 12:51:23,FileCreate,usuario_06,cdn.contoso.com
case_197,2026-03-03 12:51:49,ProcessCreate,usuario_06,\\fileserver\financeiro
case_197,2026-03-03 12:54:43,NetworkConnect,usuario_06,\Users\Documents
case_197,2026-03-03 12:57:53,FileModify,usuario_06,update.microsoft.com
case_197,2026-03-03 13:03:52,DnsQuery,usuario_06,-
case_197,2026-03-03 13:08:19,ImageLoad,usuario_06,\Users\Public
case_197,2026-03-03 13:10:57,ServiceQuery,usuario_06,\Device\Pipe
case_197,2026-03-03 13:15:42,FileRead,usuario_06,\Users\Documents
case_197,2026-03-03 13:21:29,ProcessExit,usuario_06,\Windows\System32
case_197,2026-03-03 13:23:04,FileModify,usuario_06,8.8.8.8
case_197,2026-03-03 13:25:16,DriverLoad,usuario_06,\Device\Pipe
case_197,2026-03-03 13:26:48,LogonOff,usuario_06,\\fileserver\financeiro
case_204,2026-03-03 14:20:44,LogonSuccess,usuario_23,HKLM\Software
case_204,2026-03-03 14:23:33,ImageLoad,usuario_23,C:\temp
case_204,2026-03-03 14:29:03,NetworkConnect,usuario_23,8.8.8.8
case_204,2026-03-03 14:33:28,ProcessCreate,usuario_23,\Device\Pipe
case_204,2026-03-03 14:34:50,DnsQuery,usuario_23,\Device\Pipe
case_204,2026-03-03 14:35:49,ProcessCreate,usuario_23,\Users\Public
case_204,2026-03-03 14:38:17,ProcessExit,usuario_23,update.microsoft.com
case_204,2026-03-03 14:40:22,FileModify,usuario_23,cdn.contoso.com
case_204,2026-03-03 14:46:43,ProcessExit,usuario_23,\Users\Documents
case_204,2026-03-03 14:50:05,NetworkConnect,usuario_23,HKLM\Software
case_204,2026-03-03 14:54:12,FileModify,usuario_23,\Users\Documents
case_204,2026-03-03 14:57:06,PrintJob,usuario_23,\\fileserver\financeiro
case_204,2026-03-03 15:02:08,ClipboardCapture,usuario_23,\\fileserver\rh
case_204,2026-03-03 15:08:02,LogonOff,usuario_23,HKLM\Software
case_206,2026-03-02 08:51:35,LogonSuccess,usuario_30,\Device\Pipe
case_206,2026-03-02 08:57:06,DnsQuery,usuario_30,\Windows\System32
case_206,2026-03-02 08:58:29,FileCreate,usuario_30,\\fileserver\rh
case_206,2026-03-02 09:03:40,ImageLoad,usuario_30,\Device\Pipe
case_206,2026-03-02 09:06:44,ImageLoad,usuario_30,\\fileserver\rh
case_206,2026-03-02 09:08:35,DnsQuery,usuario_30,cdn.contoso.com
case_206,2026-03-02 09:12:51,PipeCreate,usuario_30,\Windows\System32
case_206,2026-03-02 09:16:56,WmiQuery,usuario_30,\Windows\System32
case_206,2026-03-02 09:21:14,RegistryModify,usuario_30,\Windows\System32
case_206,2026-03-02 09:24:37,WmiQuery,usuario_30,cdn.contoso.com
case_206,2026-03-02 09:30:23,PrintJob,usuario_30,update.microsoft.com
case_206,2026-03-02 09:32:34,ScreenCapture,usuario_30,8.8.8.8
case_206,2026-03-02 09:33:23,ScreenCapture,usuario_30,-
case_206,2026-03-02 09:34:23,LogonOff,usuario_30,\\fileserver\rh
case_271,2026-03-05 10:54:45,LogonSuccess,usuario_19,C:\temp
case_271,2026-03-05 10:56:06,ProcessExit,usuario_19,\Windows\System32
case_271,2026-03-05 10:57:48,ProcessCreate,usuario_19,\Users\Public
case_271,2026-03-05 11:03:00,ProcessExit,usuario_19,C:\temp
case_271,2026-03-05 11:09:00,ProcessExit,usuario_19,HKLM\Software
case_271,2026-03-05 11:13:08,DnsQuery,usuario_19,\Device\Pipe
case_271,2026-03-05 11:18:07,FileModify,usuario_19,\\fileserver\financeiro
case_271,2026-03-05 11:23:12,FileCreate,usuario_19,\\fileserver\rh
case_271,2026-03-05 11:27:36,PowerShellExec,usuario_19,\Users\Public
case_271,2026-03-05 11:33:32,RegistryModify,usuario_19,C:\temp
case_271,2026-03-05 11:38:50,PipeCreate,usuario_19,8.8.8.8
case_271,2026-03-05 11:40:09,ClipboardCapture,usuario_19,update.microsoft.com
case_271,2026-03-05 11:40:49,WmiQuery,usuario_19,HKLM\Software
case_271,2026-03-05 11:42:52,RemoteThread,usuario_19,C:\temp
case_271,2026-03-05 11:45:45,LogonOff,usuario_19,C:\temp
case_235,2026-03-04 13:19:09,LogonSuccess,usuario_30,D:\backup
case_235,2026-03-04 13:22:44,DnsQuery,usuario_30,\\fileserver\financeiro
case_235,2026-03-04 13:27:49,DnsQuery,usuario_30,update.microsoft.com
case_235,2026-03-04 13:34:27,DnsQuery,usuario_30,HKLM\Software
case_235,2026-03-04 13:36:37,NetworkConnect,usuario_30,-
case_235,2026-03-04 13:41:14,DnsQuery,usuario_30,cdn.contoso.com
case_235,2026-03-04 13:43:54,DnsQuery,usuario_30,\Users\Public
case_235,2026-03-04 13:44:52,NetworkConnect,usuario_30,HKLM\Software
case_235,2026-03-04 13:46:34,PipeCreate,usuario_30,\\fileserver\financeiro
case_235,2026-03-04 13:53:04,RegistryModify,usuario_30,cdn.contoso.com
case_235,2026-03-04 13:59:33,DriverLoad,usuario_30,-
case_235,2026-03-04 14:03:53,LogonOff,usuario_30,\Windows\System32
case_234,2026-03-04 15:39:30,LogonSuccess,usuario_06,cdn.contoso.com
case_234,2026-03-04 15:40:42,NetworkConnect,usuario_06,\Device\Pipe
case_234,2026-03-04 15:43:35,ProcessExit,usuario_06,-
case_234,2026-03-04 15:45:42,ProcessCreate,usuario_06,-
case_234,2026-03-04 15:51:46,FileCreate,usuario_06,C:\temp
case_234,2026-03-04 15:54:51,FileCreate,usuario_06,C:\temp
case_234,2026-03-04 15:56:49,ImageLoad,usuario_06,D:\backup
case_234,2026-03-04 16:00:31,FileCreate,usuario_06,D:\backup
case_234,2026-03-04 16:02:18,ImageLoad,usuario_06,C:\temp
case_234,2026-03-04 16:07:50,ProcessExit,usuario_06,\Device\Pipe
case_234,2026-03-04 16:09:30,FileRead,usuario_06,\\fileserver\financeiro
case_234,2026-03-04 16:14:14,PipeCreate,usuario_06,cdn.contoso.com
case_234,2026-03-04 16:20:08,FileRead,usuario_06,-
case_234,2026-03-04 16:24:01,FileRead,usuario_06,D:\backup
case_234,2026-03-04 16:30:32,ClipboardCapture,usuario_06,\\fileserver\rh
case_234,2026-03-04 16:32:49,LogonOff,usuario_06,\\fileserver\rh
case_005,2026-03-02 18:29:41,LogonSuccess,usuario_15,update.microsoft.com
case_005,2026-03-02 18:35:39,ImageLoad,usuario_15,\Users\Documents
case_005,2026-03-02 18:40:08,ImageLoad,usuario_15,C:\temp
case_005,2026-03-02 18:42:05,DnsQuery,usuario_15,\\fileserver\rh
case_005,2026-03-02 18:44:16,DnsQuery,usuario_15,\Windows\System32
case_005,2026-03-02 18:49:32,ImageLoad,usuario_15,\Users\Documents
case_005,2026-03-02 18:54:29,DnsQuery,usuario_15,\Windows\System32
case_005,2026-03-02 18:57:29,ProcessCreate,usuario_15,\Windows\System32
case_005,2026-03-02 18:58:14,ProcessExit,usuario_15,-
case_005,2026-03-02 19:02:38,ProcessCreate,usuario_15,update.microsoft.com
case_005,2026-03-02 19:07:29,NetworkConnect,usuario_15,C:\temp
case_005,2026-03-02 19:08:18,DnsQuery,usuario_15,update.microsoft.com
case_005,2026-03-02 19:09:19,FileModify,usuario_15,C:\temp
case_005,2026-03-02 19:10:14,ServiceQuery,usuario_15,-
case_005,2026-03-02 19:11:08,ServiceQuery,usuario_15,\Device\Pipe
case_005,2026-03-02 19:13:28,PrintJob,usuario_15,8.8.8.8
case_005,2026-03-02 19:14:49,ScreenCapture,usuario_15,-
case_005,2026-03-02 19:17:15,LogonOff,usuario_15,-
case_274,2026-03-04 16:15:35,LogonSuccess,usuario_22,8.8.8.8
case_274,2026-03-04 16:15:56,NetworkConnect,usuario_22,\Users\Public
case_274,2026-03-04 16:17:52,ImageLoad,usuario_22,D:\backup
case_274,2026-03-04 16:20:22,DnsQuery,usuario_22,cdn.contoso.com
case_274,2026-03-04 16:24:34,FileCreate,usuario_22,update.microsoft.com
case_274,2026-03-04 16:29:52,ImageLoad,usuario_22,\\fileserver\rh
case_274,2026-03-04 16:34:33,ProcessExit,usuario_22,-
case_274,2026-03-04 16:38:28,FileRead,usuario_22,HKLM\Software
case_274,2026-03-04 16:41:04,ImageLoad,usuario_22,\Windows\System32
case_274,2026-03-04 16:45:02,FileModify,usuario_22,\Device\Pipe
case_274,2026-03-04 16:49:32,RegistryModify,usuario_22,-
case_274,2026-03-04 16:50:47,ScheduledTaskQuery,usuario_22,cdn.contoso.com
case_274,2026-03-04 16:54:50,LogonOff,usuario_22,8.8.8.8
case_065,2026-03-06 18:01:05,LogonSuccess,usuario_14,\Windows\System32
case_065,2026-03-06 18:04:29,ProcessCreate,usuario_14,\Users\Documents
case_065,2026-03-06 18:06:30,NetworkConnect,usuario_14,\\fileserver\rh
case_065,2026-03-06 18:09:58,FileCreate,usuario_14,cdn.contoso.com
case_065,2026-03-06 18:14:36,FileCreate,usuario_14,8.8.8.8
case_065,2026-03-06 18:20:21,DnsQuery,usuario_14,\Users\Public
case_065,2026-03-06 18:26:29,DnsQuery,usuario_14,\Windows\System32
case_065,2026-03-06 18:28:52,ProcessCreate,usuario_14,\\fileserver\financeiro
case_065,2026-03-06 18:33:22,PipeCreate,usuario_14,-
case_065,2026-03-06 18:37:30,ClipboardCapture,usuario_14,C:\temp
case_140,2026-03-05 09:12:11,LogonSuccess,usuario_22,cdn.contoso.com
case_140,2026-03-05 09:14:43,NetworkConnect,usuario_22,\\fileserver\financeiro
case_140,2026-03-05 09:18:04,ProcessExit,usuario_22,D:\backup
case_140,2026-03-05 09:18:47,FileCreate,usuario_22,D:\backup
case_140,2026-03-05 09:23:52,FileCreate,usuario_22,\\fileserver\rh
case_140,2026-03-05 09:25:29,ImageLoad,usuario_22,\Users\Documents
case_140,2026-03-05 09:30:12,PipeCreate,usuario_22,-
case_140,2026-03-05 09:36:14,FileModify,usuario_22,\Users\Public
case_140,2026-03-05 09:42:35,ScreenCapture,usuario_22,\Windows\System32
case_140,2026-03-05 09:46:39,WmiQuery,usuario_22,D:\backup
case_140,2026-03-05 09:50:53,LogonOff,usuario_22,D:\backup
case_049,2026-03-05 17:01:07,LogonSuccess,usuario_20,\\fileserver\rh
case_049,2026-03-05 17:02:38,DnsQuery,usuario_20,C:\temp
case_049,2026-03-05 17:05:39,ProcessExit,usuario_20,cdn.contoso.com
case_049,2026-03-05 17:11:16,NetworkConnect,usuario_20,\Windows\System32
case_049,2026-03-05 17:14:39,ProcessExit,usuario_20,\Windows\System32
case_049,2026-03-05 17:19:07,NetworkConnect,usuario_20,C:\temp
case_049,2026-03-05 17:21:06,ImageLoad,usuario_20,8.8.8.8
case_049,2026-03-05 17:26:13,FileModify,usuario_20,update.microsoft.com
case_049,2026-03-05 17:32:07,FileRead,usuario_20,cdn.contoso.com
case_049,2026-03-05 17:35:56,PowerShellExec,usuario_20,\Device\Pipe
case_049,2026-03-05 17:40:27,FileRead,usuario_20,8.8.8.8
case_049,2026-03-05 17:46:50,PrintJob,usuario_20,cdn.contoso.com
case_049,2026-03-05 17:51:20,LogonOff,usuario_20,C:\temp
case_207,2026-03-04 08:05:28,LogonSuccess,usuario_18,\\fileserver\rh
case_207,2026-03-04 08:07:59,ImageLoad,usuario_18,\Windows\System32
case_207,2026-03-04 08:14:06,ImageLoad,usuario_18,\\fileserver\financeiro
case_207,2026-03-04 08:19:02,ProcessExit,usuario_18,\Users\Documents
case_207,2026-03-04 08:19:44,ImageLoad,usuario_18,-
case_207,2026-03-04 08:22:04,FileCreate,usuario_18,\\fileserver\financeiro
case_207,2026-03-04 08:23:19,FileRead,usuario_18,\Users\Public
case_207,2026-03-04 08:27:58,PipeCreate,usuario_18,cdn.contoso.com
case_207,2026-03-04 08:29:15,ScheduledTaskQuery,usuario_18,update.microsoft.com
case_207,2026-03-04 08:30:14,LogonOff,usuario_18,HKLM\Software
case_100,2026-03-05 12:20:25,LogonSuccess,usuario_20,C:\temp
case_100,2026-03-05 12:25:44,NetworkConnect,usuario_20,\Users\Documents
case_100,2026-03-05 12:30:43,DnsQuery,usuario_20,C:\temp
case_100,2026-03-05 12:34:24,FileCreate,usuario_20,8.8.8.8
case_100,2026-03-05 12:37:29,ProcessExit,usuario_20,cdn.contoso.com
case_100,2026-03-05 12:38:01,ProcessCreate,usuario_20,C:\temp
case_100,2026-03-05 12:42:13,ImageLoad,usuario_20,-
case_100,2026-03-05 12:48:37,ProcessCreate,usuario_20,HKLM\Software
case_100,2026-03-05 12:52:49,FileCreate,usuario_20,\Users\Public
case_100,2026-03-05 12:55:17,FileRead,usuario_20,\\fileserver\financeiro
case_100,2026-03-05 13:01:31,RegistryModify,usuario_20,\Device\Pipe
case_100,2026-03-05 13:07:55,FileModify,usuario_20,D:\backup
case_100,2026-03-05 13:09:38,ScheduledTaskQuery,usuario_20,\Users\Documents
case_100,2026-03-05 13:16:13,RemoteThread,usuario_20,\Users\Public
case_100,2026-03-05 13:17:19,PrintJob,usuario_20,\Users\Public
case_100,2026-03-05 13:23:40,ScheduledTaskQuery,usuario_20,cdn.contoso.com
case_100,2026-03-05 13:29:24,LogonOff,usuario_20,\\fileserver\financeiro
case_046,2026-03-05 08:18:23,LogonSuccess,usuario_10,8.8.8.8
case_046,2026-03-05 08:21:26,ProcessCreate,usuario_10,\\fileserver\rh
case_046,2026-03-05 08:28:02,FileCreate,usuario_10,\Users\Documents
case_046,2026-03-05 08:33:46,NetworkConnect,usuario_10,cdn.contoso.com
case_046,2026-03-05 08:39:00,ProcessExit,usuario_10,D:\backup
case_046,2026-03-05 08:41:24,DnsQuery,usuario_10,\\fileserver\financeiro
case_046,2026-03-05 08:44:56,DnsQuery,usuario_10,\\fileserver\rh
case_046,2026-03-05 08:48:37,RegistryModify,usuario_10,\\fileserver\financeiro
case_046,2026-03-05 08:49:55,ServiceQuery,usuario_10,-
case_046,2026-03-05 08:51:57,FileModify,usuario_10,-
case_046,2026-03-05 08:56:56,WmiQuery,usuario_10,C:\temp
case_046,2026-03-05 09:03:05,LogonOff,usuario_10,D:\backup
case_091,2026-03-04 11:51:41,LogonSuccess,usuario_26,\\fileserver\rh
case_091,2026-03-04 11:55:16,ImageLoad,usuario_26,\Windows\System32
case_091,2026-03-04 11:56:38,ProcessCreate,usuario_26,D:\backup
case_091,2026-03-04 12:03:03,NetworkConnect,usuario_26,HKLM\Software
case_091,2026-03-04 12:06:40,ProcessExit,usuario_26,D:\backup
case_091,2026-03-04 12:10:46,ProcessExit,usuario_26,HKLM\Software
case_091,2026-03-04 12:17:23,ProcessCreate,usuario_26,\Windows\System32
case_091,2026-03-04 12:19:24,ProcessExit,usuario_26,cdn.contoso.com
case_091,2026-03-04 12:26:00,ImageLoad,usuario_26,D:\backup
case_091,2026-03-04 12:27:08,ProcessExit,usuario_26,update.microsoft.com
case_091,2026-03-04 12:33:08,FileCreate,usuario_26,HKLM\Software
case_091,2026-03-04 12:37:30,DnsQuery,usuario_26,8.8.8.8
case_091,2026-03-04 12:43:38,ProcessExit,usuario_26,\\fileserver\rh
case_091,2026-03-04 12:46:43,FileCreate,usuario_26,C:\temp
case_091,2026-03-04 12:52:25,DnsQuery,usuario_26,\Users\Documents
case_091,2026-03-04 12:53:06,RegistryModify,usuario_26,\Users\Documents
case_091,2026-03-04 12:58:07,DriverLoad,usuario_26,update.microsoft.com
case_091,2026-03-04 12:59:29,DriverLoad,usuario_26,\\fileserver\rh
case_091,2026-03-04 13:03:55,LogonOff,usuario_26,\Device\Pipe
case_024,2026-03-06 10:55:32,LogonSuccess,usuario_13,update.microsoft.com
case_024,2026-03-06 11:01:16,ProcessCreate,usuario_13,\Users\Public
case_024,2026-03-06 11:06:07,DnsQuery,usuario_13,update.microsoft.com
case_024,2026-03-06 11:08:06,ProcessCreate,usuario_13,D:\backup
case_024,2026-03-06 11:11:24,ProcessExit,usuario_13,\\fileserver\financeiro
case_024,2026-03-06 11:17:56,ProcessCreate,usuario_13,\Device\Pipe
case_024,2026-03-06 11:19:31,ProcessCreate,usuario_13,HKLM\Software
case_024,2026-03-06 11:20:43,ServiceQuery,usuario_13,C:\temp
case_024,2026-03-06 11:23:14,ServiceQuery,usuario_13,HKLM\Software
case_024,2026-03-06 11:25:02,RegistryModify,usuario_13,-
case_024,2026-03-06 11:26:40,FileModify,usuario_13,D:\backup
case_024,2026-03-06 11:32:35,FileModify,usuario_13,\Users\Public
case_024,2026-03-06 11:34:25,PowerShellExec,usuario_13,D:\backup
case_024,2026-03-06 11:40:06,ServiceQuery,usuario_13,cdn.contoso.com
case_024,2026-03-06 11:44:23,PrintJob,usuario_13,D:\backup
case_024,2026-03-06 11:49:31,LogonOff,usuario_13,D:\backup
case_249,2026-03-06 08:02:35,LogonSuccess,usuario_01,cdn.contoso.com
case_249,2026-03-06 08:04:28,ProcessCreate,usuario_01,update.microsoft.com
case_249,2026-03-06 08:06:39,NetworkConnect,usuario_01,\\fileserver\financeiro
case_249,2026-03-06 08:07:48,ProcessCreate,usuario_01,\Device\Pipe
case_249,2026-03-06 08:09:27,ProcessCreate,usuario_01,-
case_249,2026-03-06 08:12:58,FileRead,usuario_01,-
case_249,2026-03-06 08:14:48,RemoteThread,usuario_01,cdn.contoso.com
case_249,2026-03-06 08:21:09,LogonOff,usuario_01,D:\backup
case_262,2026-03-04 18:40:39,LogonSuccess,usuario_11,D:\backup
case_262,2026-03-04 18:46:22,DnsQuery,usuario_11,-
case_262,2026-03-04 18:48:39,ProcessExit,usuario_11,\Users\Documents
case_262,2026-03-04 18:54:02,NetworkConnect,usuario_11,-
case_262,2026-03-04 18:56:23,NetworkConnect,usuario_11,HKLM\Software
case_262,2026-03-04 19:00:53,ProcessCreate,usuario_11,-
case_262,2026-03-04 19:05:13,ImageLoad,usuario_11,\Windows\System32
case_262,2026-03-04 19:08:13,NetworkConnect,usuario_11,update.microsoft.com
case_262,2026-03-04 19:09:21,FileCreate,usuario_11,8.8.8.8
case_262,2026-03-04 19:10:56,FileModify,usuario_11,-
case_262,2026-03-04 19:14:00,FileModify,usuario_11,\Users\Public
case_262,2026-03-04 19:18:50,FileRead,usuario_11,cdn.contoso.com
case_262,2026-03-04 19:23:06,FileModify,usuario_11,-
case_262,2026-03-04 19:29:38,LogonOff,usuario_11,\\fileserver\rh
case_022,2026-03-04 17:39:40,LogonSuccess,usuario_05,-
case_022,2026-03-04 17:44:47,FileCreate,usuario_05,update.microsoft.com
case_022,2026-03-04 17:47:55,ImageLoad,usuario_05,\Device\Pipe
case_022,2026-03-04 17:49:17,ProcessCreate,usuario_05,8.8.8.8
case_022,2026-03-04 17:52:38,DnsQuery,usuario_05,\Device\Pipe
case_022,2026-03-04 17:56:34,NetworkConnect,usuario_05,\Users\Documents
case_022,2026-03-04 17:57:20,DnsQuery,usuario_05,\\fileserver\rh
case_022,2026-03-04 18:02:47,FileRead,usuario_05,\\fileserver\rh
case_022,2026-03-04 18:06:07,RegistryModify,usuario_05,\Users\Public
case_022,2026-03-04 18:11:22,ImageLoad,usuario_05,update.microsoft.com
case_022,2026-03-04 18:13:30,RegistryModify,usuario_05,C:\temp
case_022,2026-03-04 18:19:26,FileModify,usuario_05,cdn.contoso.com
case_022,2026-03-04 18:21:40,FileModify,usuario_05,\Users\Public
case_022,2026-03-04 18:24:59,PipeCreate,usuario_05,update.microsoft.com
case_022,2026-03-04 18:28:27,ServiceQuery,usuario_05,\Users\Public
case_022,2026-03-04 18:31:09,ScreenCapture,usuario_05,-
case_022,2026-03-04 18:33:24,LogonOff,usuario_05,D:\backup
case_202,2026-03-02 08:14:28,LogonSuccess,usuario_04,update.microsoft.com
case_202,2026-03-02 08:15:58,DnsQuery,usuario_04,D:\backup
case_202,2026-03-02 08:16:52,NetworkConnect,usuario_04,cdn.contoso.com
case_202,2026-03-02 08:20:50,ProcessExit,usuario_04,\Device\Pipe
case_202,2026-03-02 08:24:22,ProcessCreate,usuario_04,\Users\Public
case_202,2026-03-02 08:29:33,ProcessExit,usuario_04,\Users\Public
case_202,2026-03-02 08:30:58,DnsQuery,usuario_04,D:\backup
case_202,2026-03-02 08:35:42,FileCreate,usuario_04,\\fileserver\rh
case_202,2026-03-02 08:36:53,ProcessExit,usuario_04,\Users\Public
case_202,2026-03-02 08:41:28,ProcessCreate,usuario_04,HKLM\Software
case_202,2026-03-02 08:42:14,FileCreate,usuario_04,-
case_202,2026-03-02 08:47:10,ImageLoad,usuario_04,\\fileserver\financeiro
case_202,2026-03-02 08:47:41,ProcessExit,usuario_04,HKLM\Software
case_202,2026-03-02 08:50:29,RegistryModify,usuario_04,\\fileserver\rh
case_202,2026-03-02 08:54:08,FileRead,usuario_04,\Users\Documents
case_202,2026-03-02 08:57:31,PipeCreate,usuario_04,\Users\Public
case_202,2026-03-02 08:59:11,FileModify,usuario_04,\\fileserver\rh
case_202,2026-03-02 09:00:09,FileRead,usuario_04,update.microsoft.com
case_202,2026-03-02 09:05:23,FileRead,usuario_04,HKLM\Software
case_202,2026-03-02 09:10:08,LogonOff,usuario_04,-
case_072,2026-03-03 15:14:58,LogonSuccess,usuario_28,cdn.contoso.com
case_072,2026-03-03 15:19:31,ProcessCreate,usuario_28,C:\temp
case_072,2026-03-03 15:20:29,NetworkConnect,usuario_28,D:\backup
case_072,2026-03-03 15:25:00,ProcessExit,usuario_28,\\fileserver\financeiro
case_072,2026-03-03 15:27:23,NetworkConnect,usuario_28,\\fileserver\financeiro
case_072,2026-03-03 15:30:05,ImageLoad,usuario_28,\Windows\System32
case_072,2026-03-03 15:34:44,DnsQuery,usuario_28,HKLM\Software
case_072,2026-03-03 15:39:45,FileRead,usuario_28,\Device\Pipe
case_072,2026-03-03 15:43:18,RegistryModify,usuario_28,8.8.8.8
case_072,2026-03-03 15:45:38,PipeCreate,usuario_28,\Users\Public
case_072,2026-03-03 15:49:53,FileModify,usuario_28,cdn.contoso.com
case_072,2026-03-03 15:55:06,FileRead,usuario_28,cdn.contoso.com
case_072,2026-03-03 15:56:11,FileModify,usuario_28,cdn.contoso.com
case_072,2026-03-03 16:00:19,RemoteThread,usuario_28,\\fileserver\financeiro
case_072,2026-03-03 16:01:39,LogonOff,usuario_28,cdn.contoso.com
case_158,2026-03-06 14:59:46,LogonSuccess,usuario_26,-
case_158,2026-03-06 15:03:57,DnsQuery,usuario_26,\Device\Pipe
case_158,2026-03-06 15:06:52,ProcessExit,usuario_26,\Users\Public
case_158,2026-03-06 15:08:39,NetworkConnect,usuario_26,\Users\Public
case_158,2026-03-06 15:14:44,NetworkConnect,usuario_26,update.microsoft.com
case_158,2026-03-06 15:16:34,DnsQuery,usuario_26,\Windows\System32
case_158,2026-03-06 15:22:46,DnsQuery,usuario_26,-
case_158,2026-03-06 15:27:16,NetworkConnect,usuario_26,\Windows\System32
case_158,2026-03-06 15:29:11,ProcessExit,usuario_26,HKLM\Software
case_158,2026-03-06 15:30:06,PipeCreate,usuario_26,8.8.8.8
case_158,2026-03-06 15:32:51,ProcessCreate,usuario_26,HKLM\Software
case_158,2026-03-06 15:35:10,FileRead,usuario_26,\\fileserver\rh
case_158,2026-03-06 15:41:07,ServiceQuery,usuario_26,update.microsoft.com
case_158,2026-03-06 15:42:02,ImageLoad,usuario_26,cdn.contoso.com
case_158,2026-03-06 15:42:51,FileModify,usuario_26,\\fileserver\financeiro
case_158,2026-03-06 15:47:36,PipeCreate,usuario_26,\Windows\System32
case_158,2026-03-06 15:49:23,RegistryModify,usuario_26,\\fileserver\financeiro
case_158,2026-03-06 15:53:13,FileModify,usuario_26,8.8.8.8
case_158,2026-03-06 15:54:53,PowerShellExec,usuario_26,\Users\Public
case_158,2026-03-06 15:56:19,WmiQuery,usuario_26,update.microsoft.com
case_172,2026-03-06 10:28:04,LogonSuccess,usuario_05,\\fileserver\rh
case_172,2026-03-06 10:33:25,ProcessExit,usuario_05,D:\backup
case_172,2026-03-06 10:37:55,ProcessExit,usuario_05,\Users\Public
case_172,2026-03-06 10:42:45,DnsQuery,usuario_05,\\fileserver\financeiro
case_172,2026-03-06 10:49:03,NetworkConnect,usuario_05,-
case_172,2026-03-06 10:51:47,ProcessCreate,usuario_05,update.microsoft.com
case_172,2026-03-06 10:54:25,ProcessExit,usuario_05,-
case_172,2026-03-06 10:55:35,RegistryModify,usuario_05,\Windows\System32
case_172,2026-03-06 10:57:22,FileModify,usuario_05,\\fileserver\financeiro
case_172,2026-03-06 11:01:01,RegistryModify,usuario_05,C:\temp
case_172,2026-03-06 11:04:17,ProcessCreate,usuario_05,D:\backup
case_172,2026-03-06 11:10:56,DnsQuery,usuario_05,\Device\Pipe
case_172,2026-03-06 11:15:48,PowerShellExec,usuario_05,update.microsoft.com
case_172,2026-03-06 11:21:12,FileRead,usuario_05,8.8.8.8
case_172,2026-03-06 11:25:36,FileModify,usuario_05,-
case_172,2026-03-06 11:27:01,ScreenCapture,usuario_05,\\fileserver\rh
case_172,2026-03-06 11:27:25,ScreenCapture,usuario_05,\Device\Pipe
case_172,2026-03-06 11:32:07,LogonOff,usuario_05,\Users\Documents
case_124,2026-03-03 08:50:02,LogonSuccess,usuario_02,\Users\Documents
case_124,2026-03-03 08:55:23,ProcessCreate,usuario_02,C:\temp
case_124,2026-03-03 08:59:28,ImageLoad,usuario_02,\Device\Pipe
case_124,2026-03-03 09:00:42,ProcessExit,usuario_02,C:\temp
case_124,2026-03-03 09:04:03,ProcessCreate,usuario_02,8.8.8.8
case_124,2026-03-03 09:08:00,ProcessExit,usuario_02,HKLM\Software
case_124,2026-03-03 09:12:43,ProcessExit,usuario_02,HKLM\Software
case_124,2026-03-03 09:16:31,ProcessCreate,usuario_02,\Users\Public
case_124,2026-03-03 09:19:31,DnsQuery,usuario_02,\Users\Public
case_124,2026-03-03 09:23:49,ProcessCreate,usuario_02,\Users\Public
case_124,2026-03-03 09:28:35,ImageLoad,usuario_02,C:\temp
case_124,2026-03-03 09:33:08,FileRead,usuario_02,D:\backup
case_124,2026-03-03 09:36:32,FileModify,usuario_02,\Users\Documents
case_124,2026-03-03 09:39:19,FileRead,usuario_02,update.microsoft.com
case_124,2026-03-03 09:45:48,FileModify,usuario_02,\Windows\System32
case_124,2026-03-03 09:46:50,FileModify,usuario_02,\\fileserver\financeiro
case_124,2026-03-03 09:51:22,RegistryModify,usuario_02,\Users\Public
case_124,2026-03-03 09:54:59,FileModify,usuario_02,\\fileserver\rh
case_124,2026-03-03 09:59:12,ClipboardCapture,usuario_02,-
case_124,2026-03-03 10:05:48,LogonOff,usuario_02,\\fileserver\rh
case_032,2026-03-03 13:10:32,LogonSuccess,usuario_23,\Device\Pipe
case_032,2026-03-03 13:11:29,ProcessExit,usuario_23,cdn.contoso.com
case_032,2026-03-03 13:15:47,ProcessExit,usuario_23,\Device\Pipe
case_032,2026-03-03 13:20:31,ProcessExit,usuario_23,\\fileserver\financeiro
case_032,2026-03-03 13:21:56,ProcessCreate,usuario_23,D:\backup
case_032,2026-03-03 13:26:58,NetworkConnect,usuario_23,\Device\Pipe
case_032,2026-03-03 13:32:18,FileModify,usuario_23,C:\temp
case_032,2026-03-03 13:33:44,FileModify,usuario_23,8.8.8.8
case_032,2026-03-03 13:38:21,PowerShellExec,usuario_23,\Windows\System32
case_032,2026-03-03 13:39:44,PipeCreate,usuario_23,update.microsoft.com
case_032,2026-03-03 13:41:22,LogonOff,usuario_23,\\fileserver\rh
case_131,2026-03-05 11:01:59,LogonSuccess,usuario_24,D:\backup
case_131,2026-03-05 11:08:02,ProcessExit,usuario_24,HKLM\Software
case_131,2026-03-05 11:10:31,ImageLoad,usuario_24,update.microsoft.com
case_131,2026-03-05 11:14:07,ImageLoad,usuario_24,\\fileserver\rh
case_131,2026-03-05 11:19:54,ProcessCreate,usuario_24,\Users\Documents
case_131,2026-03-05 11:23:19,ProcessCreate,usuario_24,D:\backup
case_131,2026-03-05 11:29:29,DnsQuery,usuario_24,\Users\Public
case_131,2026-03-05 11:34:22,FileCreate,usuario_24,HKLM\Software
case_131,2026-03-05 11:38:28,FileCreate,usuario_24,8.8.8.8
case_131,2026-03-05 11:38:52,ImageLoad,usuario_24,8.8.8.8
case_131,2026-03-05 11:41:22,DnsQuery,usuario_24,\\fileserver\rh
case_131,2026-03-05 11:42:28,ServiceQuery,usuario_24,D:\backup
case_131,2026-03-05 11:44:48,RegistryModify,usuario_24,\\fileserver\rh
case_239,2026-03-03 18:58:05,LogonSuccess,usuario_10,\\fileserver\rh
case_239,2026-03-03 19:03:43,ImageLoad,usuario_10,\\fileserver\financeiro
case_239,2026-03-03 19:04:17,ProcessExit,usuario_10,D:\backup
case_239,2026-03-03 19:04:50,DnsQuery,usuario_10,\\fileserver\financeiro
case_239,2026-03-03 19:05:24,ProcessCreate,usuario_10,cdn.contoso.com
case_239,2026-03-03 19:06:01,NetworkConnect,usuario_10,\Users\Documents
case_239,2026-03-03 19:07:34,ImageLoad,usuario_10,8.8.8.8
case_239,2026-03-03 19:08:17,RegistryModify,usuario_10,update.microsoft.com
case_239,2026-03-03 19:11:50,PipeCreate,usuario_10,D:\backup
case_239,2026-03-03 19:17:16,ProcessExit,usuario_10,\Users\Documents
case_239,2026-03-03 19:22:04,FileRead,usuario_10,C:\temp
case_239,2026-03-03 19:23:44,NetworkConnect,usuario_10,\Users\Public
case_239,2026-03-03 19:24:11,ProcessExit,usuario_10,\\fileserver\financeiro
case_239,2026-03-03 19:26:25,PowerShellExec,usuario_10,\Users\Public
case_239,2026-03-03 19:30:19,FileModify,usuario_10,\Users\Public
case_239,2026-03-03 19:31:36,FileRead,usuario_10,cdn.contoso.com
case_239,2026-03-03 19:35:53,WmiQuery,usuario_10,8.8.8.8
case_239,2026-03-03 19:40:47,LogonOff,usuario_10,cdn.contoso.com
case_257,2026-03-03 18:57:19,LogonSuccess,usuario_21,D:\backup
case_257,2026-03-03 19:01:16,ProcessCreate,usuario_21,8.8.8.8
case_257,2026-03-03 19:07:38,ProcessCreate,usuario_21,\\fileserver\financeiro
case_257,2026-03-03 19:09:05,DnsQuery,usuario_21,\\fileserver\financeiro
case_257,2026-03-03 19:15:33,DnsQuery,usuario_21,\\fileserver\rh
case_257,2026-03-03 19:20:35,ProcessExit,usuario_21,HKLM\Software
case_257,2026-03-03 19:25:05,DnsQuery,usuario_21,\\fileserver\rh
case_257,2026-03-03 19:27:41,RegistryModify,usuario_21,\Users\Public
case_257,2026-03-03 19:31:51,FileModify,usuario_21,\Device\Pipe
case_257,2026-03-03 19:32:54,PipeCreate,usuario_21,D:\backup
case_257,2026-03-03 19:38:55,RemoteThread,usuario_21,\\fileserver\financeiro
case_257,2026-03-03 19:43:35,LogonOff,usuario_21,\Users\Public
case_267,2026-03-05 16:53:44,LogonSuccess,usuario_08,8.8.8.8
case_267,2026-03-05 16:58:50,DnsQuery,usuario_08,\Users\Documents
case_267,2026-03-05 17:03:20,ImageLoad,usuario_08,D:\backup
case_267,2026-03-05 17:05:38,DnsQuery,usuario_08,\Users\Documents
case_267,2026-03-05 17:12:18,ImageLoad,usuario_08,\Windows\System32
case_267,2026-03-05 17:15:04,NetworkConnect,usuario_08,\\fileserver\financeiro
case_267,2026-03-05 17:16:09,DnsQuery,usuario_08,-
case_267,2026-03-05 17:19:37,ProcessCreate,usuario_08,cdn.contoso.com
case_267,2026-03-05 17:23:58,ProcessExit,usuario_08,update.microsoft.com
case_267,2026-03-05 17:25:41,ProcessCreate,usuario_08,\\fileserver\financeiro
case_267,2026-03-05 17:31:38,ProcessCreate,usuario_08,\\fileserver\financeiro
case_267,2026-03-05 17:38:09,ProcessCreate,usuario_08,update.microsoft.com
case_267,2026-03-05 17:43:05,RegistryModify,usuario_08,C:\temp
case_267,2026-03-05 17:46:09,ClipboardCapture,usuario_08,\Users\Documents
case_267,2026-03-05 17:51:56,FileModify,usuario_08,\\fileserver\financeiro
case_267,2026-03-05 17:55:44,LogonOff,usuario_08,C:\temp
case_173,2026-03-03 09:26:24,LogonSuccess,usuario_22,\Windows\System32
case_173,2026-03-03 09:30:21,ImageLoad,usuario_22,\Device\Pipe
case_173,2026-03-03 09:35:01,ProcessExit,usuario_22,\Users\Documents
case_173,2026-03-03 09:36:30,FileCreate,usuario_22,cdn.contoso.com
case_173,2026-03-03 09:41:04,ImageLoad,usuario_22,update.microsoft.com
case_173,2026-03-03 09:47:14,DnsQuery,usuario_22,\Device\Pipe
case_173,2026-03-03 09:52:06,RegistryModify,usuario_22,\Users\Documents
case_173,2026-03-03 09:53:29,ProcessCreate,usuario_22,8.8.8.8
case_173,2026-03-03 09:53:56,RegistryModify,usuario_22,-
case_173,2026-03-03 09:55:53,FileModify,usuario_22,\Users\Documents
case_173,2026-03-03 09:56:16,RegistryModify,usuario_22,\Users\Documents
case_173,2026-03-03 10:00:13,PowerShellExec,usuario_22,\Users\Documents
case_173,2026-03-03 10:05:06,RegistryModify,usuario_22,\Users\Documents
case_173,2026-03-03 10:08:22,WmiQuery,usuario_22,HKLM\Software
case_173,2026-03-03 10:15:00,RemoteThread,usuario_22,\Device\Pipe
case_173,2026-03-03 10:19:50,DriverLoad,usuario_22,\Device\Pipe
case_173,2026-03-03 10:25:21,LogonOff,usuario_22,\Windows\System32
case_232,2026-03-02 12:37:32,LogonSuccess,usuario_13,C:\temp
case_232,2026-03-02 12:38:12,FileCreate,usuario_13,-
case_232,2026-03-02 12:40:48,DnsQuery,usuario_13,update.microsoft.com
case_232,2026-03-02 12:43:30,ImageLoad,usuario_13,\Users\Public
case_232,2026-03-02 12:50:10,ProcessCreate,usuario_13,HKLM\Software
case_232,2026-03-02 12:56:45,ServiceQuery,usuario_13,\Users\Public
case_232,2026-03-02 12:58:12,PowerShellExec,usuario_13,update.microsoft.com
case_232,2026-03-02 13:01:07,WmiQuery,usuario_13,\Windows\System32
case_232,2026-03-02 13:03:13,LogonOff,usuario_13,HKLM\Software
case_059,2026-03-03 11:41:17,LogonSuccess,usuario_07,D:\backup
case_059,2026-03-03 11:44:00,FileCreate,usuario_07,\Windows\System32
case_059,2026-03-03 11:48:21,DnsQuery,usuario_07,update.microsoft.com
case_059,2026-03-03 11:51:44,ProcessExit,usuario_07,D:\backup
case_059,2026-03-03 11:57:03,ProcessCreate,usuario_07,HKLM\Software
case_059,2026-03-03 11:58:44,ProcessExit,usuario_07,\Users\Public
case_059,2026-03-03 12:01:10,ImageLoad,usuario_07,\Device\Pipe
case_059,2026-03-03 12:03:33,ProcessCreate,usuario_07,\\fileserver\rh
case_059,2026-03-03 12:08:26,ImageLoad,usuario_07,D:\backup
case_059,2026-03-03 12:15:03,ImageLoad,usuario_07,\Windows\System32
case_059,2026-03-03 12:17:15,FileModify,usuario_07,-
case_059,2026-03-03 12:20:53,FileRead,usuario_07,\\fileserver\financeiro
case_059,2026-03-03 12:22:41,ScheduledTaskQuery,usuario_07,C:\temp
case_059,2026-03-03 12:25:02,ScheduledTaskQuery,usuario_07,-
case_059,2026-03-03 12:28:04,LogonOff,usuario_07,D:\backup
case_092,2026-03-04 07:53:55,LogonSuccess,usuario_07,\Users\Documents
case_092,2026-03-04 07:57:28,ImageLoad,usuario_07,\\fileserver\financeiro
case_092,2026-03-04 08:03:58,ImageLoad,usuario_07,C:\temp
case_092,2026-03-04 08:06:26,ProcessCreate,usuario_07,\Windows\System32
case_092,2026-03-04 08:10:54,ProcessExit,usuario_07,\Users\Documents
case_092,2026-03-04 08:14:58,ProcessExit,usuario_07,update.microsoft.com
case_092,2026-03-04 08:17:48,ProcessExit,usuario_07,update.microsoft.com
case_092,2026-03-04 08:24:04,ProcessExit,usuario_07,cdn.contoso.com
case_092,2026-03-04 08:26:01,NetworkConnect,usuario_07,-
case_092,2026-03-04 08:27:56,ProcessCreate,usuario_07,update.microsoft.com
case_092,2026-03-04 08:31:14,ProcessCreate,usuario_07,\\fileserver\financeiro
case_092,2026-03-04 08:37:48,PipeCreate,usuario_07,cdn.contoso.com
case_092,2026-03-04 08:40:28,DnsQuery,usuario_07,-
case_092,2026-03-04 08:45:31,NetworkConnect,usuario_07,C:\temp
case_092,2026-03-04 08:46:26,PipeCreate,usuario_07,update.microsoft.com
case_092,2026-03-04 08:48:05,FileModify,usuario_07,cdn.contoso.com
case_092,2026-03-04 08:50:56,FileRead,usuario_07,\\fileserver\rh
case_092,2026-03-04 08:55:53,LogonOff,usuario_07,\\fileserver\financeiro
case_139,2026-03-05 14:05:54,LogonSuccess,usuario_21,HKLM\Software
case_139,2026-03-05 14:10:33,FileCreate,usuario_21,HKLM\Software
case_139,2026-03-05 14:15:53,FileCreate,usuario_21,\Device\Pipe
case_139,2026-03-05 14:19:06,FileCreate,usuario_21,-
case_139,2026-03-05 14:25:32,FileCreate,usuario_21,\Device\Pipe
case_139,2026-03-05 14:29:51,FileModify,usuario_21,C:\temp
case_139,2026-03-05 14:32:41,ImageLoad,usuario_21,\Users\Documents
case_139,2026-03-05 14:39:05,RegistryModify,usuario_21,8.8.8.8
case_139,2026-03-05 14:42:58,FileModify,usuario_21,\Device\Pipe
case_139,2026-03-05 14:48:52,FileRead,usuario_21,\Users\Documents
case_139,2026-03-05 14:52:16,RegistryModify,usuario_21,D:\backup
case_139,2026-03-05 14:56:37,FileModify,usuario_21,D:\backup
case_139,2026-03-05 14:58:19,PowerShellExec,usuario_21,-
case_139,2026-03-05 15:00:25,FileModify,usuario_21,\\fileserver\rh
case_139,2026-03-05 15:06:38,LogonOff,usuario_21,\Users\Documents
case_034,2026-03-05 09:05:17,LogonSuccess,usuario_08,update.microsoft.com
case_034,2026-03-05 09:05:41,NetworkConnect,usuario_08,\Users\Public
case_034,2026-03-05 09:09:41,ProcessExit,usuario_08,C:\temp
case_034,2026-03-05 09:12:16,ImageLoad,usuario_08,\Users\Documents
case_034,2026-03-05 09:15:43,NetworkConnect,usuario_08,D:\backup
case_034,2026-03-05 09:19:29,NetworkConnect,usuario_08,\\fileserver\financeiro
case_034,2026-03-05 09:20:12,ProcessCreate,usuario_08,8.8.8.8
case_034,2026-03-05 09:20:58,ImageLoad,usuario_08,-
case_034,2026-03-05 09:26:05,ImageLoad,usuario_08,HKLM\Software
case_034,2026-03-05 09:29:30,FileCreate,usuario_08,update.microsoft.com
case_034,2026-03-05 09:32:17,FileModify,usuario_08,\Users\Public
case_034,2026-03-05 09:35:54,PipeCreate,usuario_08,update.microsoft.com
case_034,2026-03-05 09:40:04,FileModify,usuario_08,D:\backup
case_034,2026-03-05 09:45:05,ServiceQuery,usuario_08,\\fileserver\rh
case_034,2026-03-05 09:50:44,LogonOff,usuario_08,\Device\Pipe
case_123,2026-03-03 12:27:29,LogonSuccess,usuario_02,D:\backup
case_123,2026-03-03 12:28:47,ProcessExit,usuario_02,8.8.8.8
case_123,2026-03-03 12:33:02,ProcessCreate,usuario_02,\Users\Public
case_123,2026-03-03 12:34:21,NetworkConnect,usuario_02,C:\temp
case_123,2026-03-03 12:34:49,NetworkConnect,usuario_02,cdn.contoso.com
case_123,2026-03-03 12:38:07,ProcessCreate,usuario_02,\\fileserver\rh
case_123,2026-03-03 12:44:20,NetworkConnect,usuario_02,\\fileserver\financeiro
case_123,2026-03-03 12:45:51,NetworkConnect,usuario_02,cdn.contoso.com
case_123,2026-03-03 12:51:16,ImageLoad,usuario_02,update.microsoft.com
case_123,2026-03-03 12:54:31,ImageLoad,usuario_02,C:\temp
case_123,2026-03-03 13:00:54,ProcessExit,usuario_02,\\fileserver\rh
case_123,2026-03-03 13:01:28,FileRead,usuario_02,\Users\Documents
case_123,2026-03-03 13:02:48,ProcessCreate,usuario_02,HKLM\Software
case_123,2026-03-03 13:04:13,FileRead,usuario_02,\Users\Documents
case_123,2026-03-03 13:05:45,FileRead,usuario_02,\Users\Documents
case_123,2026-03-03 13:08:01,PipeCreate,usuario_02,\\fileserver\rh
case_123,2026-03-03 13:09:25,RegistryModify,usuario_02,HKLM\Software
case_123,2026-03-03 13:10:51,FileModify,usuario_02,\Users\Public
case_123,2026-03-03 13:14:48,PowerShellExec,usuario_02,\Users\Documents
case_123,2026-03-03 13:16:05,WmiQuery,usuario_02,\Users\Public
case_123,2026-03-03 13:16:34,ServiceQuery,usuario_02,D:\backup
case_123,2026-03-03 13:21:01,LogonOff,usuario_02,D:\backup
case_002,2026-03-02 07:46:42,LogonSuccess,usuario_07,\Users\Documents
case_002,2026-03-02 07:51:47,NetworkConnect,usuario_07,HKLM\Software
case_002,2026-03-02 07:57:57,ProcessExit,usuario_07,\\fileserver\financeiro
case_002,2026-03-02 07:58:45,DnsQuery,usuario_07,HKLM\Software
case_002,2026-03-02 07:59:21,NetworkConnect,usuario_07,D:\backup
case_002,2026-03-02 08:02:22,ServiceQuery,usuario_07,8.8.8.8
case_002,2026-03-02 08:04:59,ServiceQuery,usuario_07,\Users\Public
case_002,2026-03-02 08:07:07,PipeCreate,usuario_07,-
case_002,2026-03-02 08:13:34,ServiceQuery,usuario_07,\\fileserver\financeiro
case_002,2026-03-02 08:15:42,RemoteThread,usuario_07,\Device\Pipe
case_002,2026-03-02 08:20:17,LogonOff,usuario_07,8.8.8.8
case_063,2026-03-03 10:36:51,LogonSuccess,usuario_06,update.microsoft.com
case_063,2026-03-03 10:40:45,DnsQuery,usuario_06,\Users\Public
case_063,2026-03-03 10:44:37,DnsQuery,usuario_06,C:\temp
case_063,2026-03-03 10:46:12,ImageLoad,usuario_06,-
case_063,2026-03-03 10:51:33,ProcessExit,usuario_06,-
case_063,2026-03-03 10:52:44,FileRead,usuario_06,\Users\Public
case_063,2026-03-03 10:57:52,ServiceQuery,usuario_06,D:\backup
case_063,2026-03-03 10:59:03,ClipboardCapture,usuario_06,D:\backup
case_063,2026-03-03 11:01:49,ScreenCapture,usuario_06,update.microsoft.com
case_063,2026-03-03 11:05:05,ScreenCapture,usuario_06,8.8.8.8
case_063,2026-03-03 11:07:40,LogonOff,usuario_06,8.8.8.8
case_080,2026-03-06 16:52:25,LogonSuccess,usuario_01,\\fileserver\financeiro
case_080,2026-03-06 16:56:03,DnsQuery,usuario_01,cdn.contoso.com
case_080,2026-03-06 17:00:15,DnsQuery,usuario_01,\Windows\System32
case_080,2026-03-06 17:00:55,DnsQuery,usuario_01,\Device\Pipe
case_080,2026-03-06 17:04:00,ImageLoad,usuario_01,\Users\Public
case_080,2026-03-06 17:10:20,FileCreate,usuario_01,update.microsoft.com
case_080,2026-03-06 17:16:04,FileCreate,usuario_01,\\fileserver\rh
case_080,2026-03-06 17:22:43,FileCreate,usuario_01,\\fileserver\rh
case_080,2026-03-06 17:27:59,NetworkConnect,usuario_01,update.microsoft.com
case_080,2026-03-06 17:33:10,FileRead,usuario_01,C:\temp
case_080,2026-03-06 17:36:42,FileModify,usuario_01,\Device\Pipe
case_080,2026-03-06 17:40:15,ServiceQuery,usuario_01,\\fileserver\financeiro
case_080,2026-03-06 17:45:35,ImageLoad,usuario_01,\Device\Pipe
case_080,2026-03-06 17:46:34,RegistryModify,usuario_01,update.microsoft.com
case_080,2026-03-06 17:49:02,PipeCreate,usuario_01,8.8.8.8
case_080,2026-03-06 17:51:16,FileModify,usuario_01,update.microsoft.com
case_080,2026-03-06 17:55:03,PipeCreate,usuario_01,\\fileserver\financeiro
case_080,2026-03-06 17:58:19,ClipboardCapture,usuario_01,cdn.contoso.com
case_080,2026-03-06 18:02:45,ScreenCapture,usuario_01,-
case_080,2026-03-06 18:03:08,LogonOff,usuario_01,update.microsoft.com
case_040,2026-03-05 13:24:05,LogonSuccess,usuario_28,HKLM\Software
case_040,2026-03-05 13:30:44,DnsQuery,usuario_28,\Windows\System32
case_040,2026-03-05 13:34:29,DnsQuery,usuario_28,cdn.contoso.com
case_040,2026-03-05 13:36:48,ProcessExit,usuario_28,update.microsoft.com
case_040,2026-03-05 13:38:59,DnsQuery,usuario_28,D:\backup
case_040,2026-03-05 13:39:47,ProcessExit,usuario_28,C:\temp
case_040,2026-03-05 13:44:24,NetworkConnect,usuario_28,\\fileserver\rh
case_040,2026-03-05 13:46:43,ProcessExit,usuario_28,\Users\Documents
case_040,2026-03-05 13:51:57,ServiceQuery,usuario_28,\\fileserver\financeiro
case_040,2026-03-05 13:57:12,RegistryModify,usuario_28,-
case_040,2026-03-05 14:03:16,PipeCreate,usuario_28,\\fileserver\financeiro
case_040,2026-03-05 14:05:37,ServiceQuery,usuario_28,\\fileserver\rh
case_040,2026-03-05 14:07:10,WmiQuery,usuario_28,\Device\Pipe
case_040,2026-03-05 14:11:56,RemoteThread,usuario_28,HKLM\Software
case_040,2026-03-05 14:15:47,ScheduledTaskQuery,usuario_28,\\fileserver\rh
case_040,2026-03-05 14:18:27,RemoteThread,usuario_28,\Windows\System32
case_040,2026-03-05 14:23:32,ScreenCapture,usuario_28,-
case_040,2026-03-05 14:30:08,LogonOff,usuario_28,C:\temp
case_036,2026-03-05 09:54:33,LogonSuccess,usuario_19,HKLM\Software
case_036,2026-03-05 09:57:15,DnsQuery,usuario_19,update.microsoft.com
case_036,2026-03-05 10:00:07,NetworkConnect,usuario_19,HKLM\Software
case_036,2026-03-05 10:02:59,DnsQuery,usuario_19,D:\backup
case_036,2026-03-05 10:05:46,DnsQuery,usuario_19,\Users\Documents
case_036,2026-03-05 10:07:52,ImageLoad,usuario_19,\Users\Documents
case_036,2026-03-05 10:14:12,DnsQuery,usuario_19,cdn.contoso.com
case_036,2026-03-05 10:17:14,FileCreate,usuario_19,cdn.contoso.com
case_036,2026-03-05 10:20:32,ProcessExit,usuario_19,update.microsoft.com
case_036,2026-03-05 10:27:01,ServiceQuery,usuario_19,\\fileserver\rh
case_036,2026-03-05 10:29:48,ImageLoad,usuario_19,\Users\Public
case_036,2026-03-05 10:35:01,RegistryModify,usuario_19,\Device\Pipe
case_036,2026-03-05 10:39:59,FileModify,usuario_19,8.8.8.8
case_036,2026-03-05 10:43:41,PowerShellExec,usuario_19,\\fileserver\financeiro
case_036,2026-03-05 10:45:15,FileModify,usuario_19,\\fileserver\rh
case_036,2026-03-05 10:45:56,PipeCreate,usuario_19,\\fileserver\rh
case_036,2026-03-05 10:52:21,RegistryModify,usuario_19,\Users\Public
case_036,2026-03-05 10:55:38,LogonOff,usuario_19,cdn.contoso.com
case_159,2026-03-02 13:38:57,LogonSuccess,usuario_16,\Users\Documents
case_159,2026-03-02 13:39:39,NetworkConnect,usuario_16,HKLM\Software
case_159,2026-03-02 13:41:19,DnsQuery,usuario_16,\\fileserver\rh
case_159,2026-03-02 13:47:00,ImageLoad,usuario_16,update.microsoft.com
case_159,2026-03-02 13:49:49,ImageLoad,usuario_16,\Device\Pipe
case_159,2026-03-02 13:50:43,NetworkConnect,usuario_16,\Users\Documents
case_159,2026-03-02 13:57:14,ImageLoad,usuario_16,\Users\Documents
case_159,2026-03-02 13:59:25,PowerShellExec,usuario_16,cdn.contoso.com
case_159,2026-03-02 14:03:15,DnsQuery,usuario_16,D:\backup
case_159,2026-03-02 14:08:18,NetworkConnect,usuario_16,\Users\Public
case_159,2026-03-02 14:11:46,ProcessExit,usuario_16,\Users\Public
case_159,2026-03-02 14:12:59,ProcessExit,usuario_16,update.microsoft.com
case_159,2026-03-02 14:16:05,FileModify,usuario_16,8.8.8.8
case_159,2026-03-02 14:20:15,RegistryModify,usuario_16,C:\temp
case_159,2026-03-02 14:22:44,FileModify,usuario_16,HKLM\Software
case_159,2026-03-02 14:27:23,PowerShellExec,usuario_16,\Windows\System32
case_159,2026-03-02 14:31:39,FileRead,usuario_16,\Windows\System32
case_159,2026-03-02 14:32:36,FileModify,usuario_16,\Device\Pipe
case_159,2026-03-02 14:38:51,ScheduledTaskQuery,usuario_16,\Device\Pipe
case_159,2026-03-02 14:43:07,ScreenCapture,usuario_16,8.8.8.8
case_148,2026-03-06 13:56:28,LogonSuccess,usuario_10,C:\temp
case_148,2026-03-06 13:56:48,ProcessExit,usuario_10,\Windows\System32
case_148,2026-03-06 14:01:14,ImageLoad,usuario_10,\\fileserver\rh
case_148,2026-03-06 14:06:40,FileCreate,usuario_10,\\fileserver\rh
case_148,2026-03-06 14:12:48,ProcessExit,usuario_10,8.8.8.8
case_148,2026-03-06 14:16:07,FileCreate,usuario_10,\Device\Pipe
case_148,2026-03-06 14:18:15,PipeCreate,usuario_10,-
case_148,2026-03-06 14:22:56,ServiceQuery,usuario_10,\\fileserver\rh
case_148,2026-03-06 14:23:39,LogonOff,usuario_10,C:\temp
case_050,2026-03-02 10:45:18,LogonSuccess,usuario_19,\Windows\System32
case_050,2026-03-02 10:51:46,FileCreate,usuario_19,cdn.contoso.com
case_050,2026-03-02 10:56:45,ProcessExit,usuario_19,HKLM\Software
case_050,2026-03-02 11:00:42,ImageLoad,usuario_19,\Users\Public
case_050,2026-03-02 11:07:18,DnsQuery,usuario_19,\Device\Pipe
case_050,2026-03-02 11:09:44,PipeCreate,usuario_19,\\fileserver\rh
case_050,2026-03-02 11:10:20,RegistryModify,usuario_19,cdn.contoso.com
case_050,2026-03-02 11:12:54,LogonOff,usuario_19,\\fileserver\financeiro
case_186,2026-03-02 13:12:54,LogonSuccess,usuario_16,C:\temp
case_186,2026-03-02 13:18:05,DnsQuery,usuario_16,8.8.8.8
case_186,2026-03-02 13:19:02,ProcessExit,usuario_16,HKLM\Software
case_186,2026-03-02 13:22:40,NetworkConnect,usuario_16,cdn.contoso.com
case_186,2026-03-02 13:28:42,FileRead,usuario_16,\Users\Public
case_186,2026-03-02 13:32:00,NetworkConnect,usuario_16,cdn.contoso.com
case_186,2026-03-02 13:36:19,FileCreate,usuario_16,\Device\Pipe
case_186,2026-03-02 13:41:12,ServiceQuery,usuario_16,cdn.contoso.com
case_186,2026-03-02 13:42:27,ServiceQuery,usuario_16,\Users\Public
case_186,2026-03-02 13:44:19,WmiQuery,usuario_16,\Users\Documents
case_186,2026-03-02 13:45:34,PrintJob,usuario_16,8.8.8.8
case_186,2026-03-02 13:49:35,LogonOff,usuario_16,HKLM\Software
case_084,2026-03-04 10:51:38,LogonSuccess,usuario_12,D:\backup
case_084,2026-03-04 10:55:52,ProcessExit,usuario_12,\Device\Pipe
case_084,2026-03-04 11:00:07,FileCreate,usuario_12,-
case_084,2026-03-04 11:00:41,DnsQuery,usuario_12,cdn.contoso.com
case_084,2026-03-04 11:02:00,FileCreate,usuario_12,\\fileserver\rh
case_084,2026-03-04 11:02:54,NetworkConnect,usuario_12,8.8.8.8
case_084,2026-03-04 11:08:38,DnsQuery,usuario_12,D:\backup
case_084,2026-03-04 11:10:50,ProcessCreate,usuario_12,\Device\Pipe
case_084,2026-03-04 11:17:09,ProcessExit,usuario_12,HKLM\Software
case_084,2026-03-04 11:20:10,FileModify,usuario_12,8.8.8.8
case_084,2026-03-04 11:23:30,LogonOff,usuario_12,update.microsoft.com
case_105,2026-03-05 15:54:07,LogonSuccess,usuario_15,HKLM\Software
case_105,2026-03-05 15:56:05,NetworkConnect,usuario_15,\\fileserver\rh
case_105,2026-03-05 15:58:46,NetworkConnect,usuario_15,update.microsoft.com
case_105,2026-03-05 16:01:49,ProcessCreate,usuario_15,D:\backup
case_105,2026-03-05 16:05:54,ScheduledTaskQuery,usuario_15,\Device\Pipe
case_105,2026-03-05 16:07:14,ServiceQuery,usuario_15,\\fileserver\rh
case_105,2026-03-05 16:08:50,ScheduledTaskQuery,usuario_15,C:\temp
case_105,2026-03-05 16:11:30,LogonOff,usuario_15,\Users\Public
case_219,2026-03-02 17:19:53,LogonSuccess,usuario_17,HKLM\Software
case_219,2026-03-02 17:23:28,FileCreate,usuario_17,\\fileserver\financeiro
case_219,2026-03-02 17:25:19,RegistryModify,usuario_17,\Users\Documents
case_219,2026-03-02 17:25:44,FileRead,usuario_17,HKLM\Software
case_219,2026-03-02 17:29:50,ServiceQuery,usuario_17,\\fileserver\financeiro
case_219,2026-03-02 17:34:39,ServiceQuery,usuario_17,HKLM\Software
case_219,2026-03-02 17:35:01,FileModify,usuario_17,-
case_219,2026-03-02 17:37:59,PipeCreate,usuario_17,\\fileserver\financeiro
case_219,2026-03-02 17:39:07,WmiQuery,usuario_17,\\fileserver\financeiro
case_219,2026-03-02 17:41:36,WmiQuery,usuario_17,update.microsoft.com
case_219,2026-03-02 17:42:02,LogonOff,usuario_17,-
case_083,2026-03-04 16:51:22,LogonSuccess,usuario_09,D:\backup
case_083,2026-03-04 16:56:07,DnsQuery,usuario_09,\\fileserver\rh
case_083,2026-03-04 16:58:06,ProcessCreate,usuario_09,\Windows\System32
case_083,2026-03-04 17:03:32,ProcessExit,usuario_09,update.microsoft.com
case_083,2026-03-04 17:08:16,ProcessCreate,usuario_09,\Users\Documents
case_083,2026-03-04 17:10:34,NetworkConnect,usuario_09,-
case_083,2026-03-04 17:12:20,DnsQuery,usuario_09,\Device\Pipe
case_083,2026-03-04 17:12:58,RegistryModify,usuario_09,\\fileserver\financeiro
case_083,2026-03-04 17:15:20,FileRead,usuario_09,\Device\Pipe
case_083,2026-03-04 17:15:40,ProcessExit,usuario_09,C:\temp
case_083,2026-03-04 17:16:44,RegistryModify,usuario_09,\\fileserver\rh
case_083,2026-03-04 17:20:28,RegistryModify,usuario_09,\\fileserver\financeiro
case_083,2026-03-04 17:26:30,ImageLoad,usuario_09,8.8.8.8
case_083,2026-03-04 17:30:17,ServiceQuery,usuario_09,-
case_083,2026-03-04 17:32:19,RegistryModify,usuario_09,update.microsoft.com
case_083,2026-03-04 17:32:46,FileModify,usuario_09,\Users\Documents
case_083,2026-03-04 17:39:06,RegistryModify,usuario_09,\Users\Public
case_083,2026-03-04 17:40:12,RegistryModify,usuario_09,update.microsoft.com
case_083,2026-03-04 17:42:57,DriverLoad,usuario_09,\Users\Documents
case_083,2026-03-04 17:48:03,LogonOff,usuario_09,-
case_213,2026-03-03 18:18:27,LogonSuccess,usuario_11,8.8.8.8
case_213,2026-03-03 18:19:18,DnsQuery,usuario_11,update.microsoft.com
case_213,2026-03-03 18:22:23,ProcessExit,usuario_11,\\fileserver\rh
case_213,2026-03-03 18:28:28,NetworkConnect,usuario_11,\\fileserver\financeiro
case_213,2026-03-03 18:32:18,ProcessExit,usuario_11,8.8.8.8
case_213,2026-03-03 18:36:24,FileRead,usuario_11,8.8.8.8
case_213,2026-03-03 18:40:08,ScheduledTaskQuery,usuario_11,\\fileserver\rh
case_213,2026-03-03 18:40:55,WmiQuery,usuario_11,\\fileserver\rh
case_213,2026-03-03 18:45:23,LogonOff,usuario_11,\Users\Documents
case_132,2026-03-03 14:29:40,LogonSuccess,usuario_28,\Device\Pipe
case_132,2026-03-03 14:31:34,ProcessCreate,usuario_28,\Device\Pipe
case_132,2026-03-03 14:35:41,DnsQuery,usuario_28,D:\backup
case_132,2026-03-03 14:41:29,RegistryModify,usuario_28,C:\temp
case_132,2026-03-03 14:41:50,DnsQuery,usuario_28,8.8.8.8
case_132,2026-03-03 14:43:52,DnsQuery,usuario_28,\Device\Pipe
case_132,2026-03-03 14:46:48,PowerShellExec,usuario_28,\\fileserver\financeiro
case_132,2026-03-03 14:52:02,ServiceQuery,usuario_28,\Users\Public
case_132,2026-03-03 14:53:18,ServiceQuery,usuario_28,C:\temp
case_132,2026-03-03 14:55:45,PipeCreate,usuario_28,update.microsoft.com
case_132,2026-03-03 15:02:10,WmiQuery,usuario_28,D:\backup
case_132,2026-03-03 15:08:02,ScheduledTaskQuery,usuario_28,D:\backup
case_150,2026-03-05 13:42:34,LogonSuccess,usuario_18,cdn.contoso.com
case_150,2026-03-05 13:46:03,ProcessCreate,usuario_18,HKLM\Software
case_150,2026-03-05 13:50:10,ProcessCreate,usuario_18,\Windows\System32
case_150,2026-03-05 13:52:23,PowerShellExec,usuario_18,\Users\Documents
case_150,2026-03-05 13:52:53,PipeCreate,usuario_18,D:\backup
case_150,2026-03-05 13:55:36,FileRead,usuario_18,\Device\Pipe
case_150,2026-03-05 14:01:59,FileRead,usuario_18,\\fileserver\financeiro
case_150,2026-03-05 14:03:57,FileRead,usuario_18,\Users\Public
case_087,2026-03-05 11:46:28,LogonSuccess,usuario_12,update.microsoft.com
case_087,2026-03-05 11:52:56,RegistryModify,usuario_12,\\fileserver\financeiro
case_087,2026-03-05 11:57:25,FileModify,usuario_12,\\fileserver\rh
case_087,2026-03-05 11:59:53,FileModify,usuario_12,update.microsoft.com
case_087,2026-03-05 12:05:03,PowerShellExec,usuario_12,\Windows\System32
case_087,2026-03-05 12:08:46,PowerShellExec,usuario_12,\Users\Public
case_087,2026-03-05 12:14:59,FileRead,usuario_12,C:\temp
case_087,2026-03-05 12:15:49,ServiceQuery,usuario_12,HKLM\Software
case_087,2026-03-05 12:18:19,RemoteThread,usuario_12,cdn.contoso.com
case_087,2026-03-05 12:24:01,LogonOff,usuario_12,\Users\Public
case_133,2026-03-06 18:42:26,LogonSuccess,usuario_28,HKLM\Software
case_133,2026-03-06 18:44:23,DnsQuery,usuario_28,D:\backup
case_133,2026-03-06 18:46:59,ProcessCreate,usuario_28,\\fileserver\rh
case_133,2026-03-06 18:51:32,DnsQuery,usuario_28,8.8.8.8
case_133,2026-03-06 18:52:58,ProcessExit,usuario_28,8.8.8.8
case_133,2026-03-06 18:55:03,NetworkConnect,usuario_28,-
case_133,2026-03-06 18:57:13,ImageLoad,usuario_28,\\fileserver\rh
case_133,2026-03-06 19:03:45,NetworkConnect,usuario_28,\Device\Pipe
case_133,2026-03-06 19:05:41,ServiceQuery,usuario_28,8.8.8.8
case_133,2026-03-06 19:07:33,FileModify,usuario_28,8.8.8.8
case_133,2026-03-06 19:09:07,ProcessCreate,usuario_28,\Windows\System32
case_133,2026-03-06 19:11:55,ProcessExit,usuario_28,\\fileserver\rh
case_133,2026-03-06 19:14:15,ProcessCreate,usuario_28,-
case_133,2026-03-06 19:18:25,NetworkConnect,usuario_28,HKLM\Software
case_133,2026-03-06 19:21:54,FileModify,usuario_28,-
case_133,2026-03-06 19:28:04,FileModify,usuario_28,\Device\Pipe
case_133,2026-03-06 19:32:18,FileModify,usuario_28,\Users\Public
case_133,2026-03-06 19:32:43,PrintJob,usuario_28,cdn.contoso.com
case_133,2026-03-06 19:34:11,ScheduledTaskQuery,usuario_28,\\fileserver\financeiro
case_133,2026-03-06 19:40:25,LogonOff,usuario_28,8.8.8.8
case_067,2026-03-04 18:33:33,LogonSuccess,usuario_15,\Device\Pipe
case_067,2026-03-04 18:37:56,ImageLoad,usuario_15,\Device\Pipe
case_067,2026-03-04 18:41:19,ProcessCreate,usuario_15,update.microsoft.com
case_067,2026-03-04 18:44:12,FileCreate,usuario_15,C:\temp
case_067,2026-03-04 18:50:08,ImageLoad,usuario_15,update.microsoft.com
case_067,2026-03-04 18:52:00,ImageLoad,usuario_15,\\fileserver\rh
case_067,2026-03-04 18:53:09,ProcessExit,usuario_15,cdn.contoso.com
case_067,2026-03-04 18:54:34,NetworkConnect,usuario_15,\Users\Documents
case_067,2026-03-04 18:57:06,FileModify,usuario_15,\Users\Documents
case_067,2026-03-04 19:02:12,NetworkConnect,usuario_15,D:\backup
case_067,2026-03-04 19:04:05,FileModify,usuario_15,\Device\Pipe
case_067,2026-03-04 19:07:16,FileModify,usuario_15,\Device\Pipe
case_067,2026-03-04 19:08:21,FileRead,usuario_15,HKLM\Software
case_067,2026-03-04 19:11:42,ServiceQuery,usuario_15,HKLM\Software
case_067,2026-03-04 19:14:39,FileRead,usuario_15,8.8.8.8
case_067,2026-03-04 19:17:48,FileRead,usuario_15,\\fileserver\financeiro
case_067,2026-03-04 19:20:21,FileRead,usuario_15,-
case_067,2026-03-04 19:23:11,DriverLoad,usuario_15,cdn.contoso.com
case_067,2026-03-04 19:24:31,WmiQuery,usuario_15,cdn.contoso.com
case_067,2026-03-04 19:25:18,ScreenCapture,usuario_15,\Device\Pipe
case_067,2026-03-04 19:30:36,LogonOff,usuario_15,-
case_051,2026-03-02 11:02:13,LogonSuccess,usuario_15,\Users\Public
case_051,2026-03-02 11:07:57,FileCreate,usuario_15,D:\backup
case_051,2026-03-02 11:09:04,ProcessExit,usuario_15,8.8.8.8
case_051,2026-03-02 11:13:47,ImageLoad,usuario_15,\Users\Documents
case_051,2026-03-02 11:16:29,DnsQuery,usuario_15,\Users\Documents
case_051,2026-03-02 11:19:57,FileCreate,usuario_15,cdn.contoso.com
case_051,2026-03-02 11:24:26,FileModify,usuario_15,\\fileserver\financeiro
case_051,2026-03-02 11:29:43,FileModify,usuario_15,\Windows\System32
case_051,2026-03-02 11:36:18,ServiceQuery,usuario_15,\Users\Public
case_051,2026-03-02 11:42:52,FileModify,usuario_15,cdn.contoso.com
case_051,2026-03-02 11:48:37,PipeCreate,usuario_15,\Device\Pipe
case_051,2026-03-02 11:54:54,FileModify,usuario_15,\\fileserver\financeiro
case_051,2026-03-02 11:55:46,PowerShellExec,usuario_15,D:\backup
case_051,2026-03-02 12:00:39,PowerShellExec,usuario_15,8.8.8.8
case_051,2026-03-02 12:02:50,FileModify,usuario_15,8.8.8.8
case_051,2026-03-02 12:04:58,FileRead,usuario_15,cdn.contoso.com
case_051,2026-03-02 12:07:35,RegistryModify,usuario_15,\\fileserver\financeiro
case_051,2026-03-02 12:10:20,WmiQuery,usuario_15,\\fileserver\financeiro
case_051,2026-03-02 12:15:20,RemoteThread,usuario_15,-
case_051,2026-03-02 12:16:46,LogonOff,usuario_15,-
case_011,2026-03-03 14:58:58,LogonSuccess,usuario_24,\Users\Public
case_011,2026-03-03 15:03:18,FileCreate,usuario_24,\Windows\System32
case_011,2026-03-03 15:08:14,DnsQuery,usuario_24,\Windows\System32
case_011,2026-03-03 15:11:33,ProcessCreate,usuario_24,HKLM\Software
case_011,2026-03-03 15:17:25,FileRead,usuario_24,\Users\Public
case_011,2026-03-03 15:23:18,FileModify,usuario_24,\Windows\System32
case_011,2026-03-03 15:23:53,RemoteThread,usuario_24,HKLM\Software
case_011,2026-03-03 15:25:55,ServiceQuery,usuario_24,\Windows\System32
case_011,2026-03-03 15:31:33,ClipboardCapture,usuario_24,C:\temp
case_011,2026-03-03 15:33:55,LogonOff,usuario_24,C:\temp
case_246,2026-03-06 16:11:11,LogonSuccess,usuario_25,HKLM\Software
case_246,2026-03-06 16:17:26,ProcessExit,usuario_25,HKLM\Software
case_246,2026-03-06 16:19:51,ProcessExit,usuario_25,HKLM\Software
case_246,2026-03-06 16:23:56,NetworkConnect,usuario_25,\Device\Pipe
case_246,2026-03-06 16:26:06,ProcessCreate,usuario_25,C:\temp
case_246,2026-03-06 16:26:32,NetworkConnect,usuario_25,\\fileserver\rh
case_246,2026-03-06 16:28:56,ProcessCreate,usuario_25,\Windows\System32
case_246,2026-03-06 16:34:29,NetworkConnect,usuario_25,cdn.contoso.com
case_246,2026-03-06 16:38:33,ServiceQuery,usuario_25,8.8.8.8
case_246,2026-03-06 16:43:37,RegistryModify,usuario_25,update.microsoft.com
case_246,2026-03-06 16:48:47,FileModify,usuario_25,HKLM\Software
case_246,2026-03-06 16:52:38,FileRead,usuario_25,C:\temp
case_246,2026-03-06 16:57:23,ClipboardCapture,usuario_25,-
case_126,2026-03-05 15:29:14,LogonSuccess,usuario_09,D:\backup
case_126,2026-03-05 15:32:09,ProcessExit,usuario_09,\Users\Documents
case_126,2026-03-05 15:33:53,FileCreate,usuario_09,cdn.contoso.com
case_126,2026-03-05 15:37:53,DnsQuery,usuario_09,C:\temp
case_126,2026-03-05 15:40:52,FileCreate,usuario_09,\Users\Documents
case_126,2026-03-05 15:44:31,ProcessCreate,usuario_09,cdn.contoso.com
case_126,2026-03-05 15:45:47,ProcessCreate,usuario_09,-
case_126,2026-03-05 15:51:52,FileCreate,usuario_09,cdn.contoso.com
case_126,2026-03-05 15:57:49,FileRead,usuario_09,update.microsoft.com
case_126,2026-03-05 16:03:59,ImageLoad,usuario_09,update.microsoft.com
case_126,2026-03-05 16:09:11,NetworkConnect,usuario_09,cdn.contoso.com
case_126,2026-03-05 16:13:34,PipeCreate,usuario_09,update.microsoft.com
case_126,2026-03-05 16:15:14,RegistryModify,usuario_09,update.microsoft.com
case_126,2026-03-05 16:16:02,PowerShellExec,usuario_09,8.8.8.8
case_126,2026-03-05 16:18:36,FileModify,usuario_09,cdn.contoso.com
case_126,2026-03-05 16:23:58,FileRead,usuario_09,8.8.8.8
case_126,2026-03-05 16:29:33,WmiQuery,usuario_09,\Device\Pipe
case_126,2026-03-05 16:32:53,LogonOff,usuario_09,D:\backup
case_169,2026-03-06 15:09:40,LogonSuccess,usuario_28,-
case_169,2026-03-06 15:11:10,ImageLoad,usuario_28,cdn.contoso.com
case_169,2026-03-06 15:17:26,ProcessExit,usuario_28,cdn.contoso.com
case_169,2026-03-06 15:20:15,ProcessExit,usuario_28,C:\temp
case_169,2026-03-06 15:22:22,ImageLoad,usuario_28,HKLM\Software
case_169,2026-03-06 15:24:22,ProcessCreate,usuario_28,\Users\Documents
case_169,2026-03-06 15:30:15,PowerShellExec,usuario_28,\Windows\System32
case_169,2026-03-06 15:33:40,RegistryModify,usuario_28,\Users\Documents
case_169,2026-03-06 15:38:54,PipeCreate,usuario_28,\Users\Public
case_169,2026-03-06 15:45:01,ImageLoad,usuario_28,D:\backup
case_169,2026-03-06 15:46:36,ImageLoad,usuario_28,8.8.8.8
case_169,2026-03-06 15:50:34,ServiceQuery,usuario_28,\Device\Pipe
case_169,2026-03-06 15:52:20,PowerShellExec,usuario_28,\Windows\System32
case_169,2026-03-06 15:53:29,RegistryModify,usuario_28,\\fileserver\financeiro
case_169,2026-03-06 15:57:51,ServiceQuery,usuario_28,C:\temp
case_169,2026-03-06 15:58:37,RegistryModify,usuario_28,\Users\Public
case_169,2026-03-06 16:03:20,PrintJob,usuario_28,\Device\Pipe
case_169,2026-03-06 16:06:33,DriverLoad,usuario_28,-
case_169,2026-03-06 16:10:35,PrintJob,usuario_28,C:\temp
case_169,2026-03-06 16:16:16,ClipboardCapture,usuario_28,\Users\Documents
case_169,2026-03-06 16:20:02,LogonOff,usuario_28,HKLM\Software
case_041,2026-03-05 16:29:31,LogonSuccess,usuario_22,D:\backup
case_041,2026-03-05 16:33:48,DnsQuery,usuario_22,\Windows\System32
case_041,2026-03-05 16:38:55,NetworkConnect,usuario_22,8.8.8.8
case_041,2026-03-05 16:42:48,PipeCreate,usuario_22,update.microsoft.com
case_041,2026-03-05 16:47:39,FileRead,usuario_22,C:\temp
case_041,2026-03-05 16:51:17,DriverLoad,usuario_22,HKLM\Software
case_041,2026-03-05 16:53:47,WmiQuery,usuario_22,HKLM\Software
case_041,2026-03-05 16:56:56,LogonOff,usuario_22,\Device\Pipe
